"Abbrev","Full Title","Trnsl. Title","Publ.","ISSN","New","Cover-to-cover","Book Ser"
"4OR","4OR. A Quarterly Journal of Operations Research","","Springer, Berlin.","1619-4500","N","N","N"
"32$\sp {\rm o}$ Coloq. Bras. Mat.","32$\sp {\rm o}$ Coloquio Brasileiro de Matematica","","Inst. Nac. Mat. Pura Apl. (IMPA), Rio de Janeiro.","","N","N","Y"
"33$\sp {\rm o}$ Coloq. Bras. Mat.","33$\sp {\rm o}$ Coloquio Brasileiro de Matematica","","Inst. Nac. Mat. Pura Apl. (IMPA), Rio de Janeiro.","","N","N","Y"
"34$\sp {\rm o}$ Coloq. Bras. Mat.","34$\sp {\rm o}$ Coloquio Brasileiro de Matematica","","Inst. Nac. Mat. Pura Apl. (IMPA), Rio de Janeiro.","","N","N","Y"
"35$\sp {\rm o}$ Coloq. Bras. Mat.","35$\sp {\rm o}$ Coloquio Brasileiro de Matematica","","Inst. Nac. Mat. Pura Apl. (IMPA), Rio de Janeiro.","","Y","N","Y"
"Abel Symp.","Abel Symposia","","Springer, Heidelberg.","2193-2808","N","N","Y"
"Abh. Math. Semin. Univ. Hambg.","Abhandlungen aus dem Mathematischen Seminar der Universitat Hamburg","","Springer, Berlin.","0025-5858","N","Y","N"
"Abh. Sachs. Akad. Wiss. Leipzig Math.-Nat.wiss. Kl.","Abhandlungen der Sachsischen Akademie der Wissenschaften zu Leipzig. Mathematisch-Naturwissenschaftliche Klasse","Proceedings of the Saxony Academy of Sciences at Leipzig. Mathematical-Scientific Class","Verl. Sachs. Akad. Wiss. Leipz., Leipzig.","0365-6470","N","N","Y"
"Abstr. Appl. Anal.","Abstract and Applied Analysis","","Wiley, Oxford.","1085-3375","N","N","N"
"Acad. Bras. Filos.","Academia Brasileira de Filosofia","","Coll. Publ., [London].","","N","N","Y"
"ACM Books","ACM Books","","ACM, New York.","","N","N","Y"
"ACM Commun. Comput. Algebra","ACM Communications in Computer Algebra","","ACM, New York.","1932-2232","N","N","N"
"ACM/IMS J. Data Sci.","ACM/IMS Journal of Data Science","","ACM, New York.","","Y","N","N"
"ACM SIGACT News","ACM SIGACT News","","ACM, New York.","0163-5700","N","N","N"
"ACM Trans. Algorithms","ACM Transactions on Algorithms","","ACM, New York.","1549-6325","N","Y","N"
"ACM Trans. Comput. Log.","ACM Transactions on Computational Logic","","ACM, New York.","1529-3785","N","Y","N"
"ACM Trans. Comput. Theory","ACM Transactions on Computation Theory","","ACM, New York.","1942-3454","N","Y","N"
"ACM Trans. Database Syst.","ACM Transactions on Database Systems","","ACM, New York.","0362-5915","N","N","N"
"ACM Trans. Econ. Comput.","ACM Transactions on Economics and Computation","","ACM, New York.","2167-8375","N","N","N"
"ACM Trans. Math. Software","Association for Computing Machinery. Transactions on Mathematical Software","","ACM, New York.","0098-3500","N","N","N"
"ACM Trans. Model. Comput. Simul.","ACM Transactions on Modeling and Computer Simulation","","ACM, New York.","1049-3301","N","N","N"
"ACM Trans. Parallel Comput.","ACM Transactions on Parallel Computing","","ACM, New York.","2329-4949","N","N","N"
"ACM Trans. Quantum Comput.","ACM Transactions on Quantum Computing","","ACM, New York.","2643-6809","N","N","N"
"Acta Appl. Math.","Acta Applicandae Mathematicae","","Springer, Dordrecht.","0167-8019","N","Y","N"
"Acta Arith.","Acta Arithmetica","","Inst. Math., Polish Acad. Sci., Warsaw.","0065-1036","N","Y","N"
"Acta Comment. Univ. Tartu. Math.","Acta et Commentationes Universitatis Tartuensis de Mathematica","","Univ. Tartu, Fac. Math. Comput. Sci., Tartu.","1406-2283","N","Y","N"
"Acta Cybernet.","Acta Cybernetica","","Univ. Szeged. Inst. Inform., Szeged.","0324-721X","N","N","N"
"Acta Inform.","Acta Informatica","","Springer, Berlin.","0001-5903","N","Y","N"
"Acta Math.","Acta Mathematica","","Inst. Mittag-Leffler, Djursholm.","0001-5962","N","Y","N"
"Acta Math. Acad. Paedagog. Nyhazi","Acta Mathematica. Academiae Paedagogicae Nyiregyhaziensis","","Univ. Nyhaza., Nyiregyhaza.","","N","Y","N"
"Acta Math. Appl. Sin.","Acta Mathematicae Applicatae Sinica. Yingyong Shuxue Xuebao","","Chinese Math. Soc., Beijing.","0254-3079","N","Y","N"
"Acta Math. Appl. Sin. Engl. Ser.","Acta Mathematicae Applicatae Sinica. English Series","","Springer, Heidelberg.","0168-9673","N","Y","N"
"Acta Math. Hungar.","Acta Mathematica Hungarica","","Akad. Kiado, Budapest.","0236-5294","N","Y","N"
"Acta Math. Sci. Ser. A (Chinese Ed.)","Acta Mathematica Scientia. Series A. Shuxue Wuli Xuebao. Chinese Edition","","Kexue Chubanshe (Science Press), Beijing.","1003-3998","N","Y","N"
"Acta Math. Sci. Ser. B (Engl. Ed.)","Acta Mathematica Scientia. Series B. English Edition","","Sci. Press Beijing, Beijing.","0252-9602","N","Y","N"
"Acta Math. Sin. (Engl. Ser.)","Acta Mathematica Sinica (English Series)","","Springer, Berlin.","1439-8516","N","Y","N"
"Acta Math. Sinica (Chinese Ser.)","Acta Mathematica Sinica. Chinese Series","","Chinese Math. Soc., Acta Math. Sinica Ed. Comm., Beijing.","0583-1431","N","Y","N"
"Acta Math. Univ. Comenian. (N.S.)","Acta Mathematica Universitatis Comenianae. New Series","","Comenius Univ., Fac. Math. Phys. Inf., Bratislava.","0862-9544","N","Y","N"
"Acta Math. Vietnam.","Acta Mathematica Vietnamica","","Vietnam. Acad. Sci. Technol., Inst. Math., Hanoi.","0251-4184","N","Y","N"
"Acta Mech.","Acta Mechanica","","Springer, Vienna.","0001-5970","N","N","N"
"Acta Mech. Sin.","Acta Mechanica Sinica","","Springer, Berlin.","0567-7718","N","N","N"
"Acta Numer.","Acta Numerica","","Cambridge Univ. Press, Cambridge.","0962-4929","N","Y","N"
"Acta Phys. Polon. B","Jagellonian University. Institute of Physics. Acta Physica Polonica B","","Jagellonian Univ., Krakow.","0587-4254","N","N","N"
"Acta Sci. Math. (Szeged)","Acta Universitatis Szegediensis. Acta Scientiarum Mathematicarum","","Birkhauser Verlag, Basel.","0001-6969","N","Y","N"
"Acta Sci. Natur. Univ. Pekinensis","","","","","Y","N","N"
"Acta Sci. Natur. Univ. Sunyatseni","Acta Scientiarum Naturalium Universitatis Sunyatseni. Zhongshan Daxue Xuebao. Ziran Kexue Ban. (Zheng Ying Wen)","","J. Zhongshan Univ., Editor. Dept., Guangzhou.","2097-0137","N","N","N"
"Actas Congr. ``Dr. Antonio A. R. Monteiro''","Actas del Congreso ``Dr. Antonio A. R. Monteiro''","Proceedings of ``Dr. Antonio A. R. Monteiro'' Congress of Mathematics","Univ. Nac. del Sur, Bahia Blanca.","0327-9170","N","N","Y"
"Acta Univ. Apulensis Math. Inform.","Acta Universitatis Apulensis. Mathematics. Informatics","","``1 Dec. 1918'' Univ. Alba Iulia, Dep. Math. Inform., Alba Iulia.","","N","N","N"
"Acta Univ. M. Belii Ser. Math.","Acta Universitatis Matthiae Belii. Series Mathematics","","Sci. Res. Inst. Matej Bel Univ., Banska Bystrica.","1338-712X","N","Y","N"
"Acta Univ. Sapientiae Math.","Acta Universitatis Sapientiae. Mathematica. An International Scientific Journal of Sapientia University","","Springer, Berlin.","1844-6094","N","N","N"
"Acta Wasaensia","Acta Wasaensia","","Vaasan Yliopisto, Vaasa.","0355-2667","N","N","Y"
"Adv. Anal. Geom.","Advances in Analysis and Geometry","","De Gruyter, Berlin.","2511-0438","N","N","Y"
"Adv. Appl. Clifford Algebr.","Advances in Applied Clifford Algebras","","Birkhauser Verlag, Basel.","0188-7009","N","N","N"
"Adv. Appl. Math.","Advances in Applied Mathematics","","CRC Press, Boca Raton, FL.","","N","N","Y"
"Adv. Appl. Math. Mech.","Advances in Applied Mathematics and Mechanics","","Glob. Sci. Pr., Hong Kong.","2070-0733","N","N","N"
"Adv. Appl. Mech.","Advances in Applied Mechanics","","Academic Press, Boston, MA.","0065-2156","N","N","Y"
"Adv. Calc. Var.","Advances in Calculus of Variations","","De Gruyter, Berlin.","1864-8258","N","Y","N"
"Adv. Cogn. Neurodyn.","Advances in Cognitive Neurodynamics","","Springer, Singapore.","2213-3569","N","N","Y"
"Adv. Comb.","Advances in Combinatorics","","Alliance of Diam. Open Access J., Cambridge.","","N","N","N"
"Adv. Complex Syst.","Advances in Complex Systems. A Multidisciplinary Journal","","World Sci. Publ., Singapore.","0219-5259","N","N","N"
"Adv. Comput. Math.","Advances in Computational Mathematics","","Springer, New York.","1019-7168","N","Y","N"
"Adv. Comput. Vis. Pattern Recognit.","Advances in Computer Vision and Pattern Recognition","","Springer, Cham.","2191-6586","N","N","Y"
"Adv. Contin. Discrete Models","Advances in Continuous and Discrete Models. Theory and Modern Applications","","Springer, Berlin.","","N","N","N"
"Adv. Contin. Mech.","Advances in Continuum Mechanics","","Birkhauser/Springer, Cham.","2524-4639","N","N","Y"
"Adv. Courses Math. CRM Barcelona","Advanced Courses in Mathematics. CRM Barcelona","","Birkhauser/Springer, Basel.","2297-0304","N","N","Y"
"Adv. Data Anal. Classif.","Advances in Data Analysis and Classification. ADAC. Theory, Methods, and Applications in Data Science","","Springer, Berlin.","1862-5347","N","N","N"
"Adv. Delays Dyn.","Advances in Delays and Dynamics","","Springer, Heidelberg.","2197-117X","N","N","Y"
"Adv. Des. Control","Advances in Design and Control","","SIAM, Philadelphia, PA.","","N","N","Y"
"Adv. Differential Equations","Advances in Differential Equations","","Khayyam, West Palm Beach, FL.","1079-9389","N","Y","N"
"Adv. Environ. Eng. Green Technol. (AEEGT) Book Ser.","Advances in Environmental Engineering and Green Technologies (AEEGT) Book Series","","IGI Global, Hershey, PA.","2326-9162","Y","N","Y"
"Adv. Evol. Equ.","Advances in Evolution Equations","","Nova Sci. Publ., New York.","","N","N","Y"
"Adv. Exp. Med. Biol.","Advances in Experimental Medicine and Biology","","Springer, Dordrecht.","0065-2598","N","N","Y"
"Adv. Exp. Philos.","Advances in Experimental Philosophy","","Bloomsbury Academic, London.","","Y","N","Y"
"Adv. Geom.","Advances in Geometry","","De Gruyter, Berlin.","1615-715X","N","Y","N"
"Adv. Group Theory Appl.","Advances in Group Theory and Applications","","AGTA. Adv. Group Theory Appl. Assoc., [place of publication not identified].","","N","Y","N"
"Adv. High Energy Phys.","Advances in High Energy Physics","","Wiley, Chichester.","1687-7357","N","N","N"
"Adv. in Appl. Math.","Advances in Applied Mathematics","","Elsevier B. V., Amsterdam.","0196-8858","N","Y","N"
"Adv. in Appl. Probab.","Advances in Applied Probability","","Appl. Probab. Trust, Sheffield.","0001-8678","N","Y","N"
"Adv. Ind. Control","Advances in Industrial Control","","Springer, Cham.","1430-9491","N","N","Y"
"Adv. Intell. Syst. Comput.","Advances in Intelligent Systems and Computing","","Springer, Cham.","2194-5357","N","N","Y"
"Adv. Knowl. Acquis. Transf. Manag. (AKATM)","Advances in Knowledge Acquisition, Transfer and Management (AKATM)","","IGI Global, Hershey, PA.","2326-7607","Y","N","Y"
"Adv. Lect. Math. (ALM)","Advanced Lectures in Mathematics (ALM)","","Int. Press, Somerville, MA.","2379-3589","N","N","Y"
"Adv. Math.","Advances in Mathematics","","Elsevier, Inc., Amsterdam.","0001-8708","N","Y","N"
"Adv. Math. (China)","Advances in Mathematics (China). Shuxue Jinzhan","","Peking Univ. Press, Beijing.","1000-0917","N","Y","N"
"Adv. Math. Commun.","Advances in Mathematics of Communications","","Am. Inst. Math. Sci. (AIMS), Springfield, MO.","1930-5346","N","Y","N"
"Adv. Math. Econ.","Advances in Mathematical Economics","","Springer, Tokyo.","1866-2226","N","N","Y"
"Adv. Math. Educ.","Advances in Mathematics Education","","Springer, Cham.","1869-4918","N","N","Y"
"Adv. Math. Fluid Mech.","Advances in Mathematical Fluid Mechanics","","Birkhauser/Springer, Cham.","2297-0320","N","N","Y"
"Adv. Math. Phys.","Advances in Mathematical Physics","","Wiley, Oxford.","1687-9120","N","N","N"
"Adv. Math. Sci. Appl.","Advances in Mathematical Sciences and Applications","","Gakkotosho, Tokyo.","1343-4373","N","Y","N"
"Adv. Mechatron. Mech. Eng. (AMME) Book Ser.","Advances in Mechatronics and Mechanical Engineering (AMME) Book Series","","IGI Global, Hershey, PA.","2328-8205","Y","N","Y"
"Adv. Mech. Math.","Advances in Mechanics and Mathematics","","Springer, Cham.","1571-8689","N","N","Y"
"Adv. Metaheuristics","Advances in Metaheuristics","","CRC Press, Boca Raton, FL.","","Y","N","Y"
"Adv. Nonlinear Anal.","Advances in Nonlinear Analysis","","De Gruyter, Berlin.","2191-9496","N","Y","N"
"Adv. Nonlinear Stud.","Advanced Nonlinear Studies","","De Gruyter, Berlin.","1536-1365","N","Y","N"
"Adv. Oper. Theory","Advances in Operator Theory","","Birkhauser Verlag, Basel.","2662-2009","N","N","N"
"Adv. Partial Differ. Equ. (Basel)","Advances in Partial Differential Equations (Basel)","","Springer, Basel.","2504-3587","N","N","Y"
"Adv. Pure Appl. Math.","Advances in Pure and Applied Mathematics","","","1867-1152","N","Y","N"
"Adv. Res. Comput. Softw. Sci.","Advanced Research in Computing and Software Science","","Springer, Cham.","0302-9743","N","N","Y"
"Adv. Ser. Math. Psychol.","Advanced Series on Mathematical Psychology","","World Sci. Publ., Hackensack, NJ.","1793-107X","N","N","Y"
"Adv. Ser. Stat. Sci. Appl. Probab.","Advanced Series on Statistical Science & Applied Probability","","World Sci. Publ., Hackensack, NJ.","1793-091X","N","N","Y"
"Adv. Struct. Mater.","Advanced Structured Materials","","Springer, Cham.","1869-8441","N","N","Y"
"Adv. Stud. Complex Syst.","Advanced Studies in Complex Systems","","Academic Press, London.","","Y","N","Y"
"Adv. Stud. Euro-Tbil. Math. J.","Advanced Studies. Euro-Tbilisi Mathematical Journal","","Tbilisi Cent. Math. Sci., Tbilisi.","2667-9930","N","Y","N"
"Adv. Stud. Pure Math.","Advanced Studies in Pure Mathematics","","Math. Soc. Japan, Tokyo.","","N","N","Y"
"Adv. Stud. Theoret. Appl. Econometrics","Advanced Studies in Theoretical and Applied Econometrics","","Springer, Dordrecht.","1570-5811","N","N","Y"
"Adv. Textb. Control Signal Process.","Advanced Textbooks in Control and Signal Processing","","Springer, Cham.","1439-2232","N","N","Y"
"Adv. Textb. Phys.","Advanced Textbooks in Physics","","World Sci. Publ., Hackensack, NJ.","2059-7711","N","N","Y"
"Adv. Theor. Math. Phys.","Advances in Theoretical and Mathematical Physics","","Int. Press, Somerville, MA.","1095-0761","N","Y","N"
"Aequationes Math.","Aequationes Mathematicae","","Birkhauser Verlag, Basel.","0001-9054","N","Y","N"
"Aerosp. Ser.","Aerospace Series","","Wiley, Hoboken, NJ.","","Y","N","Y"
"Afr. Mat.","Afrika Matematika","","Springer, Berlin.","1012-9405","N","N","N"
"Afr. Math. Ann. AFMA","Africa Mathematics Annals. AFMA. A Pan African Journal of Mathematics","","Afr. Math. Ann., Abidjan.","2305-3836","N","N","N"
"Afr. Stat.","Afrika Statistika","","The Statistics and Probability African Society, Saint-Louis.","2316-090X","N","Y","N"
"AIAA Educ. Ser.","AIAA Education Series","","AIAA, Washington, DC.","","N","N","Y"
"AIMS Math.","AIMS Mathematics","","Am. Inst. Math. Sci. (AIMS), Springfield, MO.","","N","N","N"
"AIMS Ser. Appl. Math.","AIMS Series on Applied Mathematics","","Am. Inst. Math. Sci. (AIMS), Springfield, MO.","","N","N","Y"
"AIRO Springer Ser.","AIRO Springer Series","","Springer, Cham.","2523-7047","N","N","Y"
"AKCE Int. J. Graphs Comb.","AKCE International Journal of Graphs and Combinatorics","","Taylor & Francis, Philadelphia, PA.","0972-8600","N","Y","N"
"AK Peters/CRC Recreat. Math. Ser.","AK Peters/CRC Recreational Mathematics Series","","CRC Press, Boca Raton, FL.","","N","N","Y"
"Ala. J. Math.","Alabama Journal of Mathematics","","Alabama Association of College Teachers of Mathematics, [place of publication not identified].","2373-0404","Y","N","N"
"Albanian J. Math.","Albanian Journal of Mathematics","","Albanian J. Math., Vlore.","","N","Y","N"
"ALEA Lat. Am. J. Probab. Math. Stat.","ALEA. Latin American Journal of Probability and Mathematical Statistics","","Inst. Mat. Pura Apl. (IMPA), Rio de Janeiro.","","N","Y","N"
"Algebra Colloq.","Algebra Colloquium","","World Sci. Publ., Singapore.","1005-3867","N","Y","N"
"Algebra Discrete Math.","Algebra and Discrete Mathematics","","World Sci. Publ., Hackensack, NJ.","1793-5873","N","N","Y"
"Algebra Discrete Math.","Algebra and Discrete Mathematics","","Lugansk Taras Shevchenko Natl. Univ., Lugansk.","1726-3255","N","Y","N"
"Algebra i Analiz","Rossiiskaya Akademiya Nauk. Algebra i Analiz","","``Nauka'' S.-Peterburg. Otdel., St. Petersburg.","0234-0852","N","Y","N"
"Algebra Logic","Algebra and Logic","","Springer, New York.","0002-5232","N","N","N"
"Algebra Logika","Algebra i Logika. Institut Diskretnoi Matematiki i Informatiki","","Sib. Fond Algebry Log., Novosibirsk.","0373-9252","N","Y","N"
"Algebra Number Theory","Algebra & Number Theory","","Math. Sci. Publ., Berkeley, CA.","1937-0652","N","Y","N"
"Algebr. Appl.","Algebra and Applications","","Springer, Cham.","1572-5553","N","N","Y"
"Algebra Universalis","Algebra Universalis","","Birkhauser Verlag, Basel.","0002-5240","N","Y","N"
"Algebr. Comb.","Algebraic Combinatorics","","Comb. Consort. (TCC), Minneapolis, MN.","","N","Y","N"
"Algebr. Geom.","Algebraic Geometry","","Foundation Compositio Mathematics, Amsterdam.","2313-1691","N","Y","N"
"Algebr. Geom. Topol.","Algebraic & Geometric Topology","","Math. Sci. Publ., Berkeley, CA.","1472-2747","N","Y","N"
"Algebr. Represent. Theory","Algebras and Representation Theory","","Springer, Berlin.","1386-923X","N","Y","N"
"Algebr. Stat.","Algebraic Statistics","","Math. Sci. Publ., Berkeley, CA.","2693-2997","N","Y","N"
"Algorithmica","Algorithmica. An International Journal in Computer Science","","Springer, New York.","0178-4617","N","Y","N"
"Algorithmic Finance","Algorithmic Finance","","Sage, Thousand Oaks, CA.","2158-5571","N","N","N"
"Algorithms Comput. Math.","Algorithms and Computation in Mathematics","","Springer, Heidelberg.","1431-1550","N","N","Y"
"Algorithms Intell. Syst.","Algorithms for Intelligent Systems","","Springer, Singapore.","2524-7565","N","N","Y"
"Aligarh Bull. Math.","The Aligarh Bulletin of Mathematics","","Aligarh Muslim Univ., Aligarh.","0304-9787","N","Y","N"
"Alkalmaz. Mat. Lapok","Alkalmazott Matematikai Lapok","","Magyar Tudomanyos Akad., Budapest.","0133-3399","N","N","N"
"Amer. J. Math.","American Journal of Mathematics","","Johns Hopkins Univ. Press, Baltimore, MD.","0002-9327","N","Y","N"
"Amer. Math. Monthly","American Mathematical Monthly","","Taylor & Francis, Abingdon.","0002-9890","N","N","N"
"Amer. Math. Soc. Colloq. Publ.","American Mathematical Society Colloquium Publications","","Amer. Math. Soc., Providence, RI.","0065-9258","N","N","Y"
"Amer. Statist.","The American Statistician","","Amer. Statist. Assoc., Alexandria, VA.","0003-1305","N","N","N"
"AMS/MAA Probl. Books Ser.","AMS/MAA Problem Books Series","","Math. Assoc. America, Washington, DC.","","N","N","Y"
"AMS/MAA Spectr.","AMS/MAA Spectrum","","MAA Press, Providence, RI.","","N","N","Y"
"AMS/MAA Textb.","AMS/MAA Textbooks","","MAA Press, Providence, RI.","","N","N","Y"
"An. Acad. Brasil. Cienc.","Anais da Academia Brasileira de Ciencias. Annals of the Brazilian Academy of Sciences","","Acad. Brasil. Cienc., Rio de Janeiro.","0001-3765","N","N","N"
"Anal. Appl. (Singap.)","Analysis and Applications","","World Sci. Publ., Singapore.","0219-5305","N","Y","N"
"Anal. Geom. Metr. Spaces","Analysis and Geometry in Metric Spaces","","De Gruyter, Berlin.","","N","Y","N"
"Anal. Math.","Analysis Mathematica","","Akad. Kiado, Budapest.","0133-3852","N","Y","N"
"Anal. Math. Phys.","Analysis and Mathematical Physics","","Birkhauser Verlag, Basel.","1664-2368","N","Y","N"
"Anal. Methods Spec. Funct.","Analytical Methods and Special Functions","","Chapman & Hall/CRC, Boca Raton, FL.","1027-0264","N","N","Y"
"Anal. PDE","Analysis & PDE","","Math. Sci. Publ., Berkeley, CA.","2157-5045","N","Y","N"
"Anal. PDEs Set","Analysis for PDEs Set","","ISTE, London.","","N","N","Y"
"Anal. Philos.","Analytic Philosophy","","Wiley, Hoboken, NJ.","2153-9596","N","N","N"
"Anal. Theory Appl.","Analysis in Theory and Applications","","Glob. Sci. Pr., Hong Kong.","1672-4070","N","Y","N"
"Analysis (Berlin)","Analysis. International Mathematical Journal of Analysis and its Applications","","De Gruyter, Berlin.","0174-4747","N","Y","N"
"Analysis (Oxford)","Analysis","","Oxford Univ. Press, Oxford.","0003-2638","N","N","N"
"Anc. Comment. Aristotle","Ancient Commentators on Aristotle","","Bloomsbury Academic, London.","","N","N","Y"
"Ann. Acad. Rom. Sci. Ser. Math. Appl.","Annals of the Academy of Romanian Scientists. Series on Mathematics and its Applications","","Ed. Acad. Oamen. Stiinta Rom., Bucharest.","2066-5997","N","Y","N"
"Ann. Appl. Math.","Annals of Applied Mathematics. Yingyong Shuxue Niankan","","Glob. Sci. Pr., Shatin.","2096-0174","N","Y","N"
"Ann. Appl. Probab.","The Annals of Applied Probability","","Inst. Math. Statist., Waite Hill, OH.","1050-5164","N","Y","N"
"Ann. Appl. Stat.","The Annals of Applied Statistics","","Inst. Math. Statist., Waite Hill, OH.","1932-6157","N","Y","N"
"Ann. Can. Soc. Hist. Philos. Math./Soc. Can. Hist. Philos. Math.","Annals of the Canadian Society for History and Philosophy of Mathematics/Societe Canadienne d'Histoire et de Philosophie des Mathematiques","","Birkhauser/Springer, Cham.","2662-8503","N","N","Y"
"Ann. Comb.","Annals of Combinatorics","","Birkhauser Verlag, Basel.","0218-0006","N","Y","N"
"Anneli Lax New Math. Libr.","Anneli Lax New Mathematical Library","","Math. Assoc. America, Washington, DC.","","N","N","Y"
"Ann. Fac. Sci. Toulouse Math. (6)","Annales de la Faculte des Sciences de Toulouse. Mathematiques. Serie 6","","Univ. Paul Sabatier, Toulouse.","0240-2963","N","Y","N"
"Ann. Fenn. Math.","Annales Fennici Mathematici","","Finn. Math. Soc., Helsinki.","2737-0690","N","Y","N"
"Ann. Finance","Annals of Finance","","Springer, Berlin.","1614-2446","N","N","N"
"Ann. Funct. Anal.","Annals of Functional Analysis","","Birkhauser Verlag, Basel.","2639-7390","N","Y","N"
"Ann. Fuzzy Math. Inform.","Annals of Fuzzy Mathematics and Informatics","","Wonkwang Univ., Res. Inst. Basic Sci., Iksan.","2093-9310","N","N","N"
"Ann. Global Anal. Geom.","Annals of Global Analysis and Geometry","","Springer, Dordrecht.","0232-704X","N","Y","N"
"Ann. Henri Poincare","Annales Henri Poincare. A Journal of Theoretical and Mathematical Physics","","Birkhauser Verlag, Basel.","1424-0637","N","N","N"
"Ann. H. Lebesgue","Annales Henri Lebesgue","","Univ. Rennes 1, ENS Rennes, Ann. H. Lebesgue, Rennes.","","N","N","N"
"Ann. Inst. Fourier (Grenoble)","Universite de Grenoble. Annales de l'Institut Fourier","","Univ. Grenoble I, Saint-Martin-d'Heres.","0373-0956","N","Y","N"
"Ann. Inst. Henri Poincare D","Annales de l'Institut Henri Poincare D. Combinatorics, Physics and their Interactions","","EMS Press, Berlin.","2308-5827","N","Y","N"
"Ann. Inst. Henri Poincare Probab. Stat.","Annales de l'Institut Henri Poincare Probabilites et Statistiques","","Inst. Henri Poincare, Paris.","0246-0203","N","Y","N"
"Ann. Inst. H. Poincare C Anal. Non Lineaire","Annales de l'Institut Henri Poincare C. Analyse Non Lineaire","","","0294-1449","N","Y","N"
"Ann. Inst. Statist. Math.","Annals of the Institute of Statistical Mathematics","","Springer, Tokyo.","0020-3157","N","Y","N"
"Ann. Internat. Soc. Dynam. Games","Annals of the International Society of Dynamic Games","","Birkhauser/Springer, Cham.","2474-0179","N","N","Y"
"Ann. I.S.U.P.","Annales de l'I.S.U.P.","","Univ. Pierre et Marie Curie (Paris VI), Paris.","1626-1607","N","N","N"
"Ann. Japan Assoc. Philos. Sci.","Annals of the Japan Association for Philosophy of Science","","Japan Assoc. Philos. Sci., Tokyo.","0453-0691","N","N","N"
"Ann. K-Theory","Annals of K-Theory","","Math. Sci. Publ., Berkeley, CA.","2379-1683","N","Y","N"
"Ann. Math. Artif. Intell.","Annals of Mathematics and Artificial Intelligence","","Springer, Dordrecht.","1012-2443","N","N","N"
"Ann. Math. Blaise Pascal","Annales Mathematiques Blaise Pascal","","Univ. Blaise Pascal, Lab. Math., Aubiere.","1259-1734","N","Y","N"
"Ann. Math. Inform.","Annales Mathematicae et Informaticae","","Eszterhazy Karoly Catholic Coll., Dept. Math. Inform., Eger.","1787-5021","N","N","N"
"Ann. Math. Que.","Annales Mathematiques du Quebec","","Springer, Berlin.","2195-4755","N","Y","N"
"Ann. Math. Sci. Appl.","Annals of Mathematical Sciences and Applications","","Int. Press, Somerville, MA.","2380-288X","N","N","N"
"Ann. Math. Sil.","Annales Mathematicae Silesianae","","Wydawn. Uniw. Slaskiego, Katowice.","0860-2107","N","Y","N"
"Ann. Mat. Pura Appl. (4)","Annali di Matematica Pura ed Applicata. Series IV","","Springer, Berlin.","0373-3114","N","Y","N"
"Ann. of Math. (2)","Annals of Mathematics. Second Series","","Princeton Univ. Press, Princeton, NJ.","0003-486X","N","Y","N"
"Ann. of Math. Stud.","Annals of Mathematics Studies","","Princeton Univ. Press, Princeton, NJ.","","N","N","Y"
"Ann. of Sci.","Annals of Science","","Taylor & Francis, Abingdon.","0003-3790","N","N","N"
"Ann. Oper. Res.","Annals of Operations Research","","Springer, New York.","0254-5330","N","N","N"
"Ann. PDE","Annals of PDE. Journal Dedicated to the Analysis of Problems from Physical Sciences","","Springer, Berlin.","2524-5317","N","Y","N"
"Ann. Physics","Annals of Physics","","Elsevier, Inc., Amsterdam.","0003-4916","N","N","N"
"Ann. Polon. Math.","Annales Polonici Mathematici","","Inst. Math., Polish Acad. Sci., Warsaw.","0066-2216","N","Y","N"
"Ann. Probab.","The Annals of Probability","","Inst. Math. Statist., Middletown, MD.","0091-1798","N","Y","N"
"Ann. Pure Appl. Logic","Annals of Pure and Applied Logic","","Elsevier, Inc., Amsterdam.","0168-0072","N","Y","N"
"Ann. Represent. Theory","Annals of Representation Theory","","","","N","Y","N"
"Ann. Sci. Ec. Norm. Super. (4)","Annales Scientifiques de l'Ecole Normale Superieure. Quatrieme Serie","","Soc. Math. France, Paris.","0012-9593","N","Y","N"
"Ann. Sc. Norm. Super. Pisa Cl. Sci. (5)","Annali della Scuola Normale Superiore di Pisa. Classe di Scienze. Serie V","","Scuola Norm. Sup., Pisa.","0391-173X","N","Y","N"
"Ann. Statist.","The Annals of Statistics","","Inst. Math. Statist., Waite Hill, OH.","0090-5364","N","Y","N"
"Ann. Univ. Ferrara Sez. VII Sci. Mat.","Annali dell'Universita di Ferrara. Sezione VII. Scienze Matematiche","","Springer Italia, Milan.","0430-3202","N","Y","N"
"Ann. Univ. Mariae Curie-Sklodowska Sect. A","Annales. Universitatis Mariae Curie-Sklodowska. Sectio A. Mathematica","","Uniw. Marii Curie-Sklodowskiej, Lublin.","0365-1029","N","Y","N"
"Ann. Univ. Paedagog. Crac. Stud. Math.","Annales Universitatis Paedagogicae Cracoviensis. Studia Mathematica","","Wydawn. Nauk. Uniw. Pedagog., Krakow.","2081-545X","N","N","N"
"Ann. Univ. Sci. Budapest. Eotvos Sect. Math.","Annales Universitatis Scientiarum Budapestinensis de Rolando Eotvos Nominatae. Sectio Mathematica","","Eotvos Lorand Univ., Budapest.","0524-9007","N","Y","N"
"Ann. Univ. Sci. Budapest. Sect. Comput.","Annales Universitatis Scientiarum Budapestinensis de Rolando Eotvos Nominatae. Sectio Computatorica","","Eotvos Lorand Univ., Budapest.","0138-9491","N","Y","N"
"Annu. Rev. Control","Annual Reviews in Control","","Elsevier B. V., Amsterdam.","1367-5788","N","N","N"
"Annu. Rev. Fluid Mech.","Annual Review of Fluid Mechanics","","Annual Reviews, Palo Alto, CA.","0066-4189","N","N","Y"
"Annu. Rev. Mod. Quant. Financ.","Annual Reviews in Modern Quantitative Finance. Including Current Aspects of Fintech, Risk and Investments","","World Sci. Publ., Hackensack, NJ.","3029-2581","N","N","Y"
"Annu. Rev. Stat. Appl.","Annual Review of Statistics and its Application","","Annual Reviews, Palo Alto, CA.","2326-8298","N","N","N"
"An. Stiint. Univ. Al. I. Cuza Iasi. Mat. (N.S.)","Analele Stiintifice ale Universitatii ``Al. I. Cuza'' din Iasi. Serie Noua. Matematica. Annals of the ``Alexandru Ioan Cuza" University. New Series. Mathematics","","Univ. Al. I. Cuza, Iasi.","1221-8421","N","Y","N"
"An. Stiint. Univ. ``Ovidius'' Constanta Ser. Mat.","Analele Stiintifice ale Universitatii ``Ovidius'' Constanta. Seria Matematica. Mathematical Journal of the Ovidius University of Constantza","","Univ. ``Ovidius'' Constanta, Constanta.","1224-1784","N","Y","N"
"Anthem Stud. Wittgenstein","Anthem Studies in Wittgenstein","","Anthem Press, New York.","","N","N","Y"
"Antiq. Math.","Antiquitates Mathematicae. Roczniki Polskiego Towarzystwa Matematycznego. Seria VI","","Polsk. Tow. Mat., Warsaw.","1898-5203","N","N","N"
"An. Univ. Craiova Ser. Mat. Inform.","Analele Universitatii din Craiova. Seria Matematica-Informatica. Annals of the University of Craiova. Mathematics and Computer Science Series","","Univ. Craiova, Craiova.","1223-6934","N","N","N"
"An. Univ. Oradea Fasc. Mat.","Analele Universitatii din Oradea. Fascicola Matematica","","Univ. Oradea, Oradea.","1221-1265","N","N","N"
"An. Univ. Vest Timis. Ser. Mat.-Inform.","Analele. Universitatii de Vest din Timisoara. Seria Matematica-Informatica. Annals of West University of Timisoara. Mathematics and Computer Science","","Univ. Vest Timisoara, Fac. Mat. Inform., Timisoara.","1841-3293","N","Y","N"
"ANZIAM J.","The ANZIAM Journal. The Australian & New Zealand Industrial and Applied Mathematics Journal","","Cambridge Univ. Press, Cambridge.","1446-1811","N","Y","N"
"Appl. Algebra Engrg. Comm. Comput.","Applicable Algebra in Engineering, Communication and Computing","","Springer, Heidelberg.","0938-1279","N","Y","N"
"Appl. Anal.","Applicable Analysis. An International Journal","","Taylor & Francis, Abingdon.","0003-6811","N","Y","N"
"Appl. Anal. Discrete Math.","Applicable Analysis and Discrete Mathematics","","Univ. Belgrade, Belgrade.","1452-8630","N","Y","N"
"Appl. Anal. Optim.","Applied Analysis and Optimization","","Yokohama Publ., Yokohama.","2432-1656","N","N","N"
"Appl. Appl. Math.","Applications and Applied Mathematics. An International Journal (AAM)","","Prairie View A & M Univ., Prairie View, TX.","","N","N","N"
"Appl. Categ. Structures","Applied Categorical Structures. A Journal Devoted to Applications of Categorical Methods in Algebra, Analysis, Computer Science, Logic, Order and Topology","","Springer, Dordrecht.","0927-2852","N","Y","N"
"Appl. Comput. Harmon. Anal.","Applied and Computational Harmonic Analysis. Time-Frequency and Time-Scale Analysis, Wavelets, Numerical Algorithms, and Applications","","Elsevier, Inc., Amsterdam.","1063-5203","N","Y","N"
"Appl. Comput. Math.","Applied and Computational Mathematics. An International Journal","","Baku State Univ., Inst. Appl. Math., Baku.","1683-3511","N","Y","N"
"Appl. Gen. Topol.","Applied General Topology","","Univ. Politec. Valencia, Valencia.","1576-9402","N","Y","N"
"Appl. Math.","Applications of Mathematics","","Acad. Sci. Czech Repub. Inst. Math., Prague.","0862-7940","N","Y","N"
"Appl. Math. Comput.","Applied Mathematics and Computation","","Elsevier, Inc., New York.","0096-3003","N","N","N"
"Appl. Math. E-Notes","Applied Mathematics E-Notes","","Appl. Math. E-Notes, Hsinchu.","","N","Y","N"
"Appl. Math. Finance","Applied Mathematical Finance","","Routledge Journals, Taylor & Francis, Ltd., Abingdon.","1350-486X","N","N","N"
"Appl. Math. Inform. Mech.","Applied Mathematics, Informatics and Mechanics","","I. Javakhishvili Tbilisi State Univ., I. Vekua Inst. Appl. Math., Tbilisi.","1512-0074","N","N","N"
"Appl. Math. J. Chinese Univ. Ser. A","Applied Mathematics. A Journal of Chinese Universities. Series A. Gaoxiao Yingyong Shuxue Xuebao","","Appl. Math. J. Chinese Univ., Editor. Comm., Hangzhou.","1000-4424","N","Y","N"
"Appl. Math. J. Chinese Univ. Ser. B","Applied Mathematics. A Journal of Chinese Universities. Ser. B","","Appl. Math. J. Chinese Univ., Editor. Comm., Hangzhou.","1005-1031","N","N","N"
"Appl. Math. Lett.","Applied Mathematics Letters. An International Journal of Rapid Publication","","Elsevier Ltd, Oxford.","0893-9659","N","Y","N"
"Appl. Math. Mech. (English Ed.)","Applied Mathematics and Mechanics. English Edition","","Shanghai Univ., Shanghai.","0253-4827","N","N","N"
"Appl. Math. Model.","Applied Mathematical Modelling. Simulation and Computation for Engineering and Environmental Systems","","Elsevier, Inc., Amsterdam.","0307-904X","N","N","N"
"Appl. Math. Optim.","Applied Mathematics and Optimization","","Springer, New York.","0095-4616","N","Y","N"
"Appl. Math. Sci.","Applied Mathematical Sciences","","Springer, Cham.","0066-5452","N","N","Y"
"Appl. Math. Sci. Eng.","Applied Mathematics in Science and Engineering","","Taylor & Francis, Abingdon.","","N","N","N"
"Appl. Math. (Warsaw)","Applicationes Mathematicae","","Inst. Math., Polish Acad. Sci., Warsaw.","1233-7234","N","Y","N"
"Appl. Numer. Harmon. Anal.","Applied and Numerical Harmonic Analysis","","Birkhauser/Springer, Cham.","2296-5009","N","N","Y"
"Appl. Numer. Math.","Applied Numerical Mathematics. An IMACS Journal","","Elsevier B. V., Amsterdam.","0168-9274","N","N","N"
"Appl. Sci. Monogr.","Applied Sciences. Monographs","","Geom. Balkan Press, Bucharest.","","N","N","Y"
"Appl. Stoch. Models Bus. Ind.","Applied Stochastic Models in Business and Industry","","Wiley, Oxford.","1524-1904","N","N","N"
"Arabic Sci. Philos.","Arabic Sciences and Philosophy. A Historical Journal","","Cambridge Univ. Press, Cambridge.","0957-4239","N","N","N"
"Arab J. Math. Sci.","Arab Journal of Mathematical Sciences","","Emerald Publ. Ltd., Leeds.","1319-5166","N","Y","N"
"Arab. J. Math. (Springer)","Arabian Journal of Mathematics","","Springer, Berlin.","2193-5343","N","Y","N"
"Arch. Comput. Methods Eng.","Archives of Computational Methods in Engineering. State of the Art Reviews","","Springer, Dordrecht.","1134-3060","N","N","N"
"Arch. Control Sci.","Archives of Control Sciences. Polish Academy of Sciences. Committee of Automatic Control and Robotics","","Silesian Univ. Tech., Gliwice.","1230-2384","N","N","N"
"Arch. Hist. Exact Sci.","Archive for History of Exact Sciences","","Springer, Berlin.","0003-9519","N","Y","N"
"Archimedes","Archimedes: New Studies in the History and Philosophy of Science and Technology","","Springer, Berlin.","1385-0180","N","N","Y"
"Arch. Math. (Basel)","Archiv der Mathematik","","Birkhauser Verlag, Basel.","0003-889X","N","Y","N"
"Arch. Math. (Brno)","Universitatis Masarykianae Brunensis. Facultas Scientiarum Naturalium. Archivum Mathematicum","","Masaryk Univ., Brno.","0044-8753","N","Y","N"
"Arch. Math. Logic","Archive for Mathematical Logic","","Springer, Berlin.","0933-5846","N","Y","N"
"Arch. Mech. (Arch. Mech. Stos.)","Polish Academy of Sciences. Institute of Fundamental Technological Research. Archives of Mechanics (Archiwum Mechaniki Stosowanej)","","Polish Acad. Sci. Inst. Fundam. Technol. Res., Warsaw.","0373-2029","N","N","N"
"Arch. Ration. Mech. Anal.","Archive for Rational Mechanics and Analysis","","Springer, Heidelberg.","0003-9527","N","Y","N"
"Argum. Libr.","Argumentation Library","","Springer, Cham.","1566-7650","N","N","Y"
"Aristote. Trad. Etudes","Aristote. Traductions et Etudes","","Peeters Publ., Leuven.","","Y","N","Y"
"Arkhimedes","Arkhimedes","","Finn. Phys. Soc., Helsinki.","0004-1920","N","N","N"
"Ark. Mat.","Arkiv for Matematik","","Inst. Mittag-Leffler, Djursholm.","0004-2080","N","Y","N"
"Armen. J. Math.","Armenian Journal of Mathematics","","National Academy of Sciences of Armenia, Yerevan.","","N","Y","N"
"Arnold Math. J.","Arnold Mathematical Journal","","Assoc. Math. Res., Davis, CA.","2199-6792","N","Y","N"
"Ars Combin.","Ars Combinatoria. A Canadian Journal of Combinatorics","","","0381-7032","N","Y","N"
"Ars Inven. Anal.","Ars Inveniendi Analytica","","Ars Inveniendi, Austin, TX.","","N","Y","N"
"Ars Math. Contemp.","Ars Mathematica Contemporanea","","Drustvo Mat. Fiz. Astronom. Slovenije, Ljubljana.","1855-3966","N","Y","N"
"Art Discrete Appl. Math.","The Art of Discrete and Applied Mathematics","","University of Primorska, Koper.","","N","N","N"
"Artificial Intelligence","Artificial Intelligence","","Elsevier B. V., Amsterdam.","0004-3702","N","N","N"
"Artif. Intell. Found. Theory Algorithms","Artificial Intelligence: Foundations, Theory, and Algorithms","","Springer, Cham.","2365-306X","N","N","Y"
"Artif. Intell. Soft Comp. Ind. Transform.","Artificial Intelligence and Soft Computing for Industrial Transformation","","Scrivener Publ. , Beverly, MA.","","N","N","Y"
"Asian-Eur. J. Math.","Asian-European Journal of Mathematics","","World Sci. Publ., Singapore.","1793-5571","N","Y","N"
"Asian J. Control","Asian Journal of Control","","Wiley, Oxford.","1561-8625","N","N","N"
"Asian J. Math.","Asian Journal of Mathematics","","Int. Press, Somerville, MA.","1093-6106","N","Y","N"
"Asia-Pac. J. Oper. Res.","Asia-Pacific Journal of Operational Research","","World Sci. Publ., Singapore.","0217-5959","N","N","N"
"Assoc. Math. Res. Monogr.","Association for Mathematical Research Monographs","","Assoc. Math. Res., Davis, CA.","","N","N","Y"
"Assoc. Women Math. Ser.","Association for Women in Mathematics Series","","Springer, Cham.","2364-5733","N","N","Y"
"AStA Adv. Stat. Anal.","AStA. Advances in Statistical Analysis. A Journal of the German Statistical Society","","Springer, Berlin.","1863-8171","N","N","N"
"Asterisque","Asterisque","","Soc. Math. France, Paris.","0303-1179","N","Y","N"
"Astin Bull.","Astin Bulletin. The Journal of the International Actuarial Association","","Cambridge Univ. Press, Cambridge.","0515-0361","N","N","N"
"Astrophys. Space Sci. Libr.","Astrophysics and Space Science Library","","Springer, Cham.","0067-0057","N","N","Y"
"Asymptot. Anal.","Asymptotic Analysis","","Sage, Thousand Oaks, CA.","0921-7134","N","Y","N"
"Atti Accad. Naz. Lincei Rend. Lincei Mat. Appl.","Atti della Accademia Nazionale dei Lincei. Rendiconti Lincei. Matematica e Applicazioni","","EMS Press, Berlin.","1120-6330","N","Y","N"
"Atti Accad. Peloritana Pericolanti Cl. Sci. Fis. Mat. Natur.","Atti della Accademia Peloritana dei Pericolanti. Classe di Scienze, Fisiche, Matematiche e Naturali. AAPP. Physical, Mathematical, and Natural Sciences","","Accad. Pelorit. Pericol., Messina.","0365-0359","N","N","N"
"Aust. J. Math. Anal. Appl.","The Australian Journal of Mathematical Analysis and Applications","","Austral Internet Publ., Editor. Off., Victoria.","","N","N","N"
"Aust. N. Z. J. Stat.","Australian & New Zealand Journal of Statistics","","Wiley, Hoboken, NJ.","1369-1473","N","N","N"
"Australas. J. Combin.","The Australasian Journal of Combinatorics","","Univ. Qld., Brisbane.","1034-4942","N","Y","N"
"Australas. J. Log.","The Australasian Journal of Logic","","Victoria University of Wellington, Wellington.","","N","Y","N"
"Australas. Philos. Rev.","Australasian Philosophical Review","","Taylor & Francis, Abingdon.","2474-0500","N","N","N"
"Austral. Math. Soc. Gaz.","The Australian Mathematical Society. Gazette","","Austral. Math. Publ. Assoc., Canberra.","0311-0729","N","N","N"
"Austral. Math. Soc. Lect. Ser.","Australian Mathematical Society Lecture Series","","Cambridge Univ. Press, Cambridge.","","N","N","Y"
"Automatica J. IFAC","Automatica. A Journal of IFAC, the International Federation of Automatic Control","","Elsevier, Oxford.","0005-1098","N","Y","N"
"Autom. Remote Control","Automation and Remote Control","","Pleiades Publishing, Ltd., Road Town.","0005-1179","N","N","N"
"Avtomat. i Telemekh.","Rossiiskaya Akademiya Nauk. Avtomatika i Telemekhanika","","Ross. Akad. Nauk, Inst. Probl. Upr. im V. A. Trapeznikova, Moscow.","0005-2310","N","N","N"
"Azerb. J. Math.","Azerbaijan Journal of Mathematics","","Azerb. J. Math., Baku.","2218-6816","N","N","N"
"Banach Center Publ.","Banach Center Publications","","Inst. Math., Polish Acad. Sci., Warsaw.","0137-6934","N","N","Y"
"Banach J. Math. Anal.","Banach Journal of Mathematical Analysis","","Birkhauser Verlag, Basel.","2662-2033","N","Y","N"
"Bayesian Anal.","Bayesian Analysis","","Int. Soc. Bayesian Anal., Durham, NC.","1936-0975","N","N","N"
"Behaviormetr. Quant. Approaches Hum. Behav.","Behaviormetrics: Quantitative Approaches to Human Behavior","","Springer, Singapore.","2524-4027","N","N","Y"
"Beijing Daxue Xuebao Ziran Kexue Ban","Beijing Daxue Xuebao. Ziran Kexue Ban. Acta Scientiarum Naturalium Universitatis Pekinensis","","Acta Sci. Nat. Univ. Pekin., Editor. Dep., Beijing.","0479-8023","N","N","N"
"Beijing Shifan Daxue Xuebao","Beijing Shifan Daxue Xuebao. Ziran Kexue Ban. Journal of Beijing Normal University (Natural Science)","","J. Beijing Normal Univ. (Nat. Sci.), Editor. Dept., Beijing.","0476-0301","N","N","N"
"Beijing Univ. J. Nat. Sci. Ed.","","","","","Y","N","N"
"Beitr. Algebra Geom.","Beitrage zur Algebra und Geometrie. Contributions to Algebra and Geometry","","Springer, Berlin.","0138-4821","N","Y","N"
"B. E. J. Theor. Econ.","The B. E. Journal of Theoretical Economics","","De Gruyter, Berlin.","2194-6124","N","N","N"
"Bernoulli","Bernoulli. Official Journal of the Bernoulli Society for Mathematical Statistics and Probability","","Internat. Statist. Inst., The Hague.","1350-7265","N","Y","N"
"BestMasters","BestMasters","","Springer Spektrum, Wiesbaden.","","N","N","Y"
"Bibl. Nuncius Studi Testi","Biblioteca di Nuncius: Studi e Testi","Nuncius Library: Studies and Texts","Olschki, Florence.","1122-0910","N","N","Y"
"Bielefelder Schr. Didakt. Math.","Bielefelder Schriften zur Didaktik der Mathematik","Bielefelder Publications on Didactics of Mathematics","Springer Spektrum, Wiesbaden.","2199-739X","N","N","Y"
"Big Data Manag.","Big Data Management","","Springer, Singapore.","2522-0179","Y","N","Y"
"Big Integr. Artif. Intell.","Big and Integrated Artificial Intelligence","","Springer, Cham.","2662-4133","Y","N","Y"
"Biol.-Inspired Syst.","Biologically-Inspired Systems","","Springer, Cham.","2211-0593","N","N","Y"
"BIOMATH","BIOMATH. International Journal on Mathematical Methods and Models in Biosciences","","Bulgarian Acad. Sci., Sofia.","1314-684X","N","N","N"
"Biometrics","Biometrics. Journal of the International Biometric Society","","","0006-341X","N","N","N"
"Biometrika","Biometrika","","Biometrika Trust, Sheffield.","0006-3444","N","Y","N"
"Biom. J.","Biometrical Journal","","Wiley-VCH Verlag, Weinheim.","0323-3847","N","N","N"
"Biostatistics","Biostatistics","","Oxford Univ. Press, Oxford.","1465-4644","N","N","N"
"Birkhauser Adv. Texts Basler Lehrbucher","Birkhauser Advanced Texts: Basler Lehrbucher","Birkhauser Advanced Texts: Basel Textbooks","Birkhauser/Springer, Basel.","1019-6242","N","N","Y"
"BIT","BIT. Numerical Mathematics","","Springer, Dordrecht.","0006-3835","N","Y","N"
"Blockchain Technol.","Blockchain Technologies","","Springer, Singapore.","2661-8338","Y","N","Y"
"Bloomsbury Stud. Aristot. Tradit.","Bloomsbury Studies in the Aristotelian Tradition","","Bloomsbury Academic, London.","","N","N","Y"
"Bocconi Springer Ser.","Bocconi & Springer Series","","Springer, Cham.","2039-1471","N","N","Y"
"Boethius Texte Abh. Gesch. Math. Naturwiss.","Boethius: Texte und Abhandlungen zur Geschichte der Mathematik und der Naturwissenschaften","Boethius: Texts and Essays on the History of Mathematics and the Natural Sciences","Franz Steiner Verlag, Stuttgart.","","N","N","Y"
"Boll. Stor. Sci. Mat.","Bollettino di Storia delle Scienze Matematiche","","Fabrizio Serra Editore, Pisa.","0392-4432","N","Y","N"
"Boll. Unione Mat. Ital.","Bollettino dell'Unione Matematica Italiana","","Springer, Berlin.","1972-6724","N","Y","N"
"Bol. Mat.","Boletin de Matematicas. Nueva Serie","","Univ. Nac. Colombia, Dep. Mat., Bogota.","0120-0380","N","Y","N"
"Bol. Soc. Mat. Mex. (3)","Boletin de la Sociedad Matematica Mexicana. Third Series","","Birkhauser Verlag, Basel.","1405-213X","N","Y","N"
"Bol. Soc. Parana. Mat. (3)","Boletim da Sociedade Paranaense de Matematica. 3rd Serie","","Soc. Paranaense de Mat., Maringa.","0037-8712","N","Y","N"
"Bol. Soc. Port. Mat.","Boletim da Sociedade Portuguesa de Matematica","","Soc. Portuguesa Mat., Lisbon.","0872-3672","N","N","N"
"Bolyai Soc. Math. Stud.","Bolyai Society Mathematical Studies","","Janos Bolyai Math. Soc., Budapest.","1217-4696","N","N","Y"
"Boston Stud. Philos. Hist. Sci.","Boston Studies in the Philosophy and History of Science","","Springer, Cham.","0068-0346","N","N","Y"
"Bound. Value Probl.","Boundary Value Problems","","Springer, Berlin.","1687-2762","N","Y","N"
"Braz. J. Probab. Stat.","Brazilian Journal of Probability and Statistics","","Assoc. Brasileira Estatist., Sao Paulo.","0103-0752","N","N","N"
"Brill's Companions Class. Recept.","Brill's Companions to Classical Reception","","Brill, Leiden.","2213-1426","N","N","Y"
"British J. Hist. Sci.","British Society for the History of Science. British Journal for the History of Science","","Cambridge Univ. Press, Cambridge.","0007-0874","N","N","N"
"British J. Philos. Sci.","The British Journal for the Philosophy of Science","","Univ. Chicago Press, Chicago, IL.","0007-0882","N","N","N"
"Br. J. Hist. Math.","British Journal for the History of Mathematics","","Taylor & Francis, Abingdon.","2637-5451","N","N","N"
"Bruno Pini Math. Anal. Semin.","Bruno Pini Mathematical Analysis Seminar","","Univ. Bologna, Alma Mater Stud., Bologna.","2240-2829","N","N","Y"
"BSG Proc.","BSG Proceedings","","Geom. Balkan Press, Bucharest.","1843-2654","N","N","Y"
"BSHP New Texts Hist. Philos.","BSHP New Texts in the History of Philosophy","British Society for the History of Philosophy (BSHP) New Texts in the History of Philosphy","Oxford Univ. Press, Oxford.","","N","N","Y"
"Bul. Acad. Stiinte Repub. Mold. Mat.","Buletinul Academiei de Stiinte a Republicii Moldova. Matematica. Izvestiya Akademii Nauk Respubliki Moldova. Matematika","","Acad. Stiinte Repub. Mold. Inst. Mat. Inform., Chisinau.","1024-7696","N","Y","N"
"Bull. Allahabad Math. Soc.","Bulletin of the Allahabad Mathematical Society","","Allahabad Math. Soc., Allahabad.","0971-0493","N","Y","N"
"Bull. Amer. Math. Soc. (N.S.)","American Mathematical Society. Bulletin. New Series","","Amer. Math. Soc., Providence, RI.","0273-0979","N","Y","N"
"Bull. Aust. Math. Soc.","Bulletin of the Australian Mathematical Society","","Cambridge Univ. Press, Cambridge.","0004-9727","N","Y","N"
"Bull. Belg. Math. Soc. Simon Stevin","Bulletin of the Belgian Mathematical Society. Simon Stevin","","Soc. Math. Belgique, Brussels.","1370-1444","N","Y","N"
"Bull. Braz. Math. Soc. (N.S.)","Bulletin of the Brazilian Mathematical Society. New Series. Boletim da Sociedade Brasileira de Matematica","","Springer, Berlin.","1678-7544","N","Y","N"
"Bull. Calcutta Math. Soc.","Bulletin of the Calcutta Mathematical Society","","Calcutta Math. Soc., Calcutta.","0008-0659","N","N","N"
"Bull. Cl. Sci. Math. Nat. Sci. Math.","Bulletin. Classe des Sciences Mathematiques et Naturelles. Sciences Mathematiques","","Academie Serbe des Sciences et des Arts, Belgrade.","0561-7332","N","Y","N"
"Bull. Comput. Appl. Math.","Bulletin of Computational Applied Mathematics","","Univer. Simon Bolivar, Ed. Cienc. Basicas 1, Caracas.","","N","N","N"
"Bull. Econ. Res.","Bulletin of Economic Research","","Wiley-Blackwell, Oxford.","0307-3378","N","N","N"
"Bull. Eur. Assoc. Theor. Comput. Sci. EATCS","Bulletin of the European Association for Theoretical Computer Science. EATCS","","Eur. Assoc. Theor. Comput. Sci., Kyoto.","0252-9742","N","N","N"
"Bull. Georgian Natl. Acad. Sci. (N.S.)","Bulletin of the Georgian National Academy of Sciences. New Series","","Georgian Natl. Acad. of Sci., Tbilisi.","","N","N","N"
"Bull. Hellenic Math. Soc.","Bulletin of the Hellenic Mathematical Society","","Hellenic Math. Soc., Athens.","","N","Y","N"
"Bull. Inform. Cybernet.","Bulletin of Informatics and Cybernetics","","Res. Assoc. Statist. Sci., Fukuoka.","0286-522X","N","N","N"
"Bull. Inst. Combin. Appl.","Bulletin of the Institute of Combinatorics and its Applications","","Inst. Combin. Appl., Duluth, MN.","1183-1278","N","Y","N"
"Bull. Inst. Math. Acad. Sin. (N.S.)","Bulletin of the Institute of Mathematics. Academia Sinica. New Series","","Acad. Sinica, Taipei.","2304-7909","N","Y","N"
"Bull. Int. Math. Virtual Inst.","Bulletin of International Mathematical Virtual Institute","","IMVI Sci. Soc. Math. Banja Luka, Banja Luka.","2303-4874","N","N","N"
"Bull. Iranian Math. Soc.","Bulletin of the Iranian Mathematical Society","","Springer, Singapore.","1017-060X","N","Y","N"
"Bull. Karaganda Univ. Math. Ser.","Bulletin of the Karaganda University. Mathematics Series","","Karaganda Buketov Univ., Karaganda.","2518-7929","N","N","N"
"Bull. Kerala Math. Assoc.","Bulletin of Kerala Mathematics Association","","Kerala Math. Assoc., Kottayam.","0973-2721","N","N","N"
"Bull. Korean Math. Soc.","Bulletin of the Korean Mathematical Society","","Korean Math. Soc., Seoul.","1015-8634","N","Y","N"
"Bull. Kyushu Inst. Technol. Pure Appl. Math.","Bulletin of the Kyushu Institute of Technology. Pure and Applied Mathematics","","Kyushu Inst. Tech., Tobata.","1343-8670","N","N","N"
"Bull. Lond. Math. Soc.","Bulletin of the London Mathematical Society","","London Math. Soc., London.","0024-6093","N","Y","N"
"Bull. Malays. Math. Sci. Soc.","Bulletin of the Malaysian Mathematical Sciences Society","","Springer, Singapore.","0126-6705","N","Y","N"
"Bull. Math. Anal. Appl.","Bulletin of Mathematical Analysis and Applications","","Bull. Math. Anal. Appl., Pristina.","","N","Y","N"
"Bull. Math. Biol.","Bulletin of Mathematical Biology. A Journal Devoted to Research at the Interface of the Life and Mathematical Sciences","","Springer, New York.","0092-8240","N","N","N"
"Bull. Math. Sci.","Bulletin of Mathematical Sciences","","World Sci. Publ., Singapore.","1664-3607","N","N","N"
"Bull. Math. Soc. Sci. Math. Roumanie (N.S.)","Bulletin Mathematique de la Societe des Sciences Mathematiques de Roumanie. Nouvelle Serie","","Soc. Stiinte Mat. Romania, Bucharest.","1220-3874","N","Y","N"
"Bull. Pol. Acad. Sci. Math.","Bulletin of the Polish Academy of Sciences. Mathematics","","Inst. Math., Polish Acad. Sci., Warsaw.","0239-7269","N","Y","N"
"Bull. Sci. Math.","Bulletin des Sciences Mathematiques","","Elsevier Sci. B. V., Amsterdam.","0007-4497","N","Y","N"
"Bull. Sect. Logic Univ. Lodz","University of Lodz. Department of Logic. Bulletin of the Section of Logic","","Univ. Lodz, Lodz.","0138-0680","N","Y","N"
"Bull. Soc. Math. France","Bulletin de la Societe Mathematique de France","","Soc. Math. France, Paris.","0037-9484","N","Y","N"
"Bull. Symb. Log.","The Bulletin of Symbolic Logic","","Cambridge Univ. Press, Cambridge.","1079-8986","N","N","N"
"Bull. Transilv. Univ. Brasov Ser. III. Math. Comput. Sci.","Bulletin of the Transilvania University of Brasov. Series III. Mathematics and Computer Science","","Transilvania Univ. Press, Brasov.","2810-2029","N","N","N"
"Butl. Soc. Catalana Mat.","Butlleti de la Societat Catalana de Matematiques","","Soc. Catalana Mat., Barcelona.","0214-316X","N","N","N"
"Cad. Log. Comput.","Cadernos de Logica e Computacao","Logic and Computation Collection","Coll. Publ., London.","","N","N","Y"
"Cad. Log. Filos.","Cadernos de Logica e Filosofia","Logic and Philosophy Collection","Coll. Publ., London.","","N","N","Y"
"Cah. Topol. Geom. Differ. Categ.","Cahiers de Topologie et Geometrie Differentielle Categoriques","","Univ. Picardie, Amiens.","1245-530X","N","Y","N"
"Calcolo","Calcolo. A Quarterly on Numerical Analysis and Theory of Computation","","Springer Italia, Milan.","0008-0624","N","Y","N"
"Calcutta Stat. Assoc. Bull.","Calcutta Statistical Association Bulletin","","Sage, Thousand Oaks, CA.","0008-0683","N","N","N"
"Calc. Var. Partial Differential Equations","Calculus of Variations and Partial Differential Equations","","Springer, Berlin.","0944-2669","N","Y","N"
"Camb. IISc Ser.","Cambridge-IISc Series","","Cambridge Univ. Press, Cambridge.","","N","N","Y"
"Camb. J. Math.","Cambridge Journal of Mathematics","","Int. Press, Somerville, MA.","2168-0930","N","N","N"
"Cambridge Math. Lib.","Cambridge Mathematical Library","","Cambridge Univ. Press, Cambridge.","","N","N","Y"
"Cambridge Math. Textbooks","Cambridge Mathematical Textbooks","","Cambridge Univ. Press, Cambridge.","","N","N","Y"
"Cambridge Monogr. Appl. Comput. Math.","Cambridge Monographs on Applied and Computational Mathematics","","Cambridge Univ. Press, Cambridge.","","N","N","Y"
"Cambridge Monogr. Math. Phys.","Cambridge Monographs on Mathematical Physics","","Cambridge Univ. Press, Cambridge.","","N","N","Y"
"Cambridge Monogr. Mech.","Cambridge Monographs on Mechanics","","Cambridge Univ. Press, Cambridge.","","N","N","Y"
"Cambridge Stud. Adv. Math.","Cambridge Studies in Advanced Mathematics","","Cambridge Univ. Press, Cambridge.","","N","N","Y"
"Cambridge Texts Appl. Math.","Cambridge Texts in Applied Mathematics","","Cambridge Univ. Press, Cambridge.","","N","N","Y"
"Cambridge Tracts in Math.","Cambridge Tracts in Mathematics","","Cambridge Univ. Press, Cambridge.","","N","N","Y"
"Camb. Ser. Stat. Probab. Math.","Cambridge Series in Statistical and Probabilistic Mathematics","","Cambridge Univ. Press, Cambridge.","","N","N","Y"
"Canad. J. Math.","Canadian Journal of Mathematics. Journal Canadien de Mathematiques","","Cambridge Univ. Press, Cambridge.","0008-414X","N","Y","N"
"Canad. J. Statist.","The Canadian Journal of Statistics. La Revue Canadienne de Statistique","","Statist. Soc. Canada, Ottawa, ON.","0319-5724","N","N","N"
"Canad. Math. Bull.","Canadian Mathematical Bulletin. Bulletin Canadien de Mathematiques","","Cambridge Univ. Press, Cambridge.","0008-4395","N","Y","N"
"Carpathian J. Math.","Carpathian Journal of Mathematics","","N. Univ. Baia Mare, Baia Mare.","1584-2851","N","Y","N"
"Carpathian Math. Publ.","Carpathian Mathematical Publications. Karpatski Matematichni Publikatsii","","V. Stefanyk Precarpathian Natl. Univ., Ivano-Frankivs'k.","2075-9827","N","N","N"
"Carus Math. Monogr.","Carus Mathematical Monographs","","MAA Press, Providence, RI.","","N","N","Y"
"Casp. J. Math. Sci.","Caspian Journal of Mathematical Sciences","","Univ. Mazandaran, Babol Sar.","","N","N","N"
"Categ. Gen. Algebr. Struct. Appl.","Categories and General Algebraic Structures with Applications","","Shahid Beheshti University, Tehran.","2345-5853","N","N","N"
"CBMS-NSF Regional Conf. Ser. in Appl. Math.","CBMS-NSF Regional Conference Series in Applied Mathematics","","SIAM, Philadelphia, PA.","","N","N","Y"
"CBMS Reg. Conf. Ser. Math.","CBMS Regional Conference Series in Mathematics","","Amer. Math. Soc., Providence, RI.","0160-7642","N","N","Y"
"CEJOR Cent. Eur. J. Oper. Res.","Central European Journal of Operations Research (CEJOR)","","Springer, Berlin.","1435-246X","N","N","N"
"Celestial Mech. Dynam. Astronom.","Celestial Mechanics & Dynamical Astronomy. An International Journal of Space Dynamics","","Springer, Dordrecht.","0923-2958","N","N","N"
"Centaurus","Centaurus. Journal of the European Society for the History of Science","","Brepols, Turnhout.","0008-8994","N","N","N"
"Centre Rech. Math. Proc.","Centre de Recherches Mathematiques Proceedings","","Amer. Math. Soc., Providence, RI.","","N","N","Y"
"Chamchuri J. Math.","Chamchuri Journal of Mathematics","","Chulalongkorn Univ., Dept. Math. Comput. Sci., Bangkok.","1906-554X","N","N","N"
"Chaos","Chaos. An Interdisciplinary Journal of Nonlinear Science","","Amer. Inst. Phys., Melville, NY.","1054-1500","N","N","N"
"Chapman & Hall/CRC Biostat. Ser.","Chapman & Hall/CRC Biostatistics Series","","CRC Press, Boca Raton, FL.","","N","N","Y"
"Chapman & Hall/CRC Comput. Biol. Ser.","Chapman & Hall/CRC Computational Biology Series","","CRC Press, Boca Raton, FL.","","Y","N","Y"
"Chapman & Hall/CRC Financ. Math. Ser.","Chapman & Hall/CRC Financial Mathematics Series","","CRC Press, Boca Raton, FL.","","N","N","Y"
"Chapman & Hall/CRC Handb. Mod. Stat. Methods","Chapman & Hall/CRC Handbooks of Modern Statistical Methods","","CRC Press, Boca Raton, FL.","","N","N","Y"
"Chapman Hall/CRC Math. Biol. Ser.","Chapman & Hall/CRC Mathematical Biology Series","","CRC Press, Boca Raton, FL.","","N","N","Y"
"Chapman & Hall/CRC Numer. Anal. Sci. Comput.","Chapman & Hall/CRC Numerical Analysis and Scientific Computing","","CRC Press, Boca Raton, FL.","","N","N","Y"
"Chapman & Hall/CRC Ser. Actuar. Sci.","Chapman & Hall/CRC Series in Actuarial Science","","CRC Press, Boca Raton, FL.","","Y","N","Y"
"Chapman & Hall/CRC Ser. Oper. Res.","Chapman & Hall/CRC Series in Operations Research","","CRC Press, Boca Raton, FL.","","N","N","Y"
"Chapman & Hall/CRC Texts Stat. Sci. Ser.","Chapman & Hall/CRC Texts in Statistical Science Series","","CRC Press, Boca Raton, FL.","","N","N","Y"
"Chapman Hall/CRC The R Ser.","Chapman & Hall/CRC The R Series","","CRC Press, Boca Raton, FL.","","Y","N","Y"
"Chapman Math. Notes","Chapman Mathematical Notes","","Birkhauser/Springer, Cham.","3005-1509","N","N","Y"
"Chebyshevskii Sb.","Chebyshevskii Sbornik","","Tul. Gos. Ped. Univ., Tula.","2226-8383","N","N","N"
"Chelyab. Fiz.-Mat. Zh.","Chelyabinskii Fiziko-Matematicheskii Zhurnal","","Chelyab. Gos. Univ., Chelyabinsk.","2500-0101","N","N","N"
"Chic. J. Theoret. Comput. Sci.","Chicago Journal of Theoretical Computer Science","","Univ. Chicago, Chicago, IL.","","N","Y","N"
"Chil. J. Stat.","Chilean Journal of Statistics","","Soc. Chil. Estadi, Santiago.","0718-7912","N","N","N"
"Chinese Ann. Hist. Sci. Tech.","Chinese Annals of History of Science and Technology","","Beijing Zhongke J. Publ. Co., Ltd., Beijing.","2096-4226","N","N","N"
"Chinese Ann. Math. Ser. A","Chinese Annals of Mathematics. Series A. Shuxue Niankan. A Ji","","Shanghai Sci. Tech. Lit. Publ., Shanghai.","1000-8314","N","Y","N"
"Chinese Ann. Math. Ser. B","Chinese Annals of Mathematics. Series B","","Chin. Ann. Math., Ed. Office, Shanghai.","0252-9599","N","Y","N"
"Chinese J. Appl. Probab. Statist.","Chinese Journal of Applied Probability and Statistics. Yingyong Gailu Tongji","","East China Normal Univ. Press, Shanghai.","1001-4268","N","Y","N"
"Chinese J. Contemp. Math.","Chinese Journal of Contemporary Mathematics","","Allerton Press, New York.","0898-5111","N","N","N"
"Chinese J. Engrg. Math.","","","","","Y","N","N"
"Chinese J. Phys.","Chinese Journal of Physics","","Phys. Soc. Taiwan, Taipei.","0577-9073","N","N","N"
"Chinese Quart. J. Math.","Chinese Quarterly Journal of Mathematics. Shuxue Jikan","","Chinese Q. J. Math., Editor. Board, Kaifeng.","1002-0462","N","N","N"
"CIME Found. Subser.","CIME Foundation Subseries","Centro Internazionale Matematico Estivo Foundation Subseries","Springer, Cham.","2946-1812","N","N","Y"
"C.I.M.E. Summer Sch.","Centro Internazionale Matematico Estivo (C.I.M.E.) Summer Schools","","Springer, Heidelberg.","","N","N","Y"
"CIM Ser. Math. Sci.","CIM Series in Mathematical Sciences","","Springer, Cham.","2364-950X","N","N","Y"
"CIRM Jean-Morlet Ser.","CIRM Jean-Morlet Series","","Springer, Cham.","","N","N","Y"
"CISM Courses and Lect.","CISM International Centre for Mechanical Sciences. Courses and Lectures","","Springer, Cham.","0254-1971","N","N","Y"
"Classical Quantum Gravity","Classical and Quantum Gravity","","Inst. Phys., Bristol.","0264-9381","N","N","N"
"Classics Appl. Math.","Classics in Applied Mathematics","","SIAM, Philadelphia, PA.","","N","N","Y"
"Class. Philos. Argum.","Classic Philosophical Arguments","","Cambridge Univ. Press, Cambridge.","","N","N","Y"
"Classr. Companion. Bus.","Classroom Companion. Business","","Springer, Cham.","2662-2866","Y","N","Y"
"Classr. Companion. Econ.","Classroom Companion. Economics","","Springer, Cham.","2662-2882","N","N","Y"
"Classr. Resour. Mater.","Classroom Resource Materials","","MAA Press, Providence, RI.","","N","N","Y"
"Class. Texts Sci.","Classic Texts in the Sciences","","Birkhauser/Springer, Cham.","2365-9971","N","N","Y"
"Clay Math. Proc.","Clay Mathematics Proceedings","","Amer. Math. Soc., Providence, RI.","1534-6455","N","N","Y"
"CMS/CAIMS Books Math.","CMS/CAIMS Books in Mathematics","","Springer, Cham.","2730-650X","N","N","Y"
"CMS Notes","CMS Notes","","Canadian Math. Soc., Ottawa, ON.","1193-9273","N","N","N"
"Cogn. Syst. Monogr.","Cognitive Systems Monographs","","Springer, Cham.","1867-4925","N","N","Y"
"Coimbra Math. Texts","Coimbra Mathematical Texts","","Springer, Cham.","2813-0057","N","N","Y"
"Colec. Mat. Univ.","Colecao Matematica Universitaria","Matematica Universitaria Series","Inst. Nac. Mat. Pura Apl. (IMPA), Rio de Janeiro.","","N","N","Y"
"Collect. Didact. Math.","Collection ``Didactiques''. Mathematiques","``Didactics'' Collection. Mathematics","Press. Univ. Franc-Comtoises, Besancon.","","N","N","Y"
"Collect. Math.","Collectanea Mathematica","","Springer Italia, Milan.","0010-0757","N","Y","N"
"College Math. J.","The College Mathematics Journal","","Taylor & Francis, Abingdon.","0746-8342","N","N","N"
"Colloq. Math.","Colloquium Mathematicum","","Inst. Math., Polish Acad. Sci., Warsaw.","0010-1354","N","Y","N"
"Combinatorica","Combinatorica. An International Journal on Combinatorics and the Theory of Computing","","Janos Bolyai Math. Soc., Budapest.","0209-9683","N","Y","N"
"Combin. Probab. Comput.","Combinatorics, Probability and Computing","","Cambridge Univ. Press, Cambridge.","0963-5483","N","Y","N"
"Comb. Number Theory","Combinatorics and Number Theory","","Math. Sci. Publ., Berkeley, CA.","2996-2196","N","Y","N"
"Comb. Theory","Combinatorial Theory","","eScholarship, Oakland, CA.","","N","Y","N"
"Combust. Theory Model.","Combustion Theory and Modelling","","Taylor & Francis, Abingdon.","1364-7830","N","N","N"
"Comm. Algebra","Communications in Algebra","","Taylor & Francis, Philadelphia, PA.","0092-7872","N","Y","N"
"Comm. Anal. Geom.","Communications in Analysis and Geometry","","Int. Press, Somerville, MA.","1019-8385","N","Y","N"
"Comm. Control Engrg. Ser.","Communications and Control Engineering Series","","Springer, Cham.","0178-5354","N","N","Y"
"Comment. Math.","Commentationes Mathematicae. Annals of the Polish Mathematical Society. Series I","","Polsk. Tow. Mat., Warsaw.","2080-1211","N","Y","N"
"Comment. Math. Helv.","Commentarii Mathematici Helvetici. A Journal of the Swiss Mathematical Society","","EMS Press, Berlin.","0010-2571","N","Y","N"
"Comment. Math. Univ. Carolin.","Commentationes Mathematicae Universitatis Carolinae","","Charles Univ., Prague.","0010-2628","N","Y","N"
"Comment. Math. Univ. St. Pauli","Commentarii Mathematici Universitatis Sancti Pauli","","Rikkyo Univ., Tokyo.","0010-258X","N","Y","N"
"Comm. Math. Phys.","Communications in Mathematical Physics","","Springer, Berlin.","0010-3616","N","Y","N"
"Comm. Partial Differential Equations","Communications in Partial Differential Equations","","Taylor & Francis, Philadelphia, PA.","0360-5302","N","Y","N"
"Comm. Pure Appl. Math.","Communications on Pure and Applied Mathematics","","Wiley, Hoboken, NJ.","0010-3640","N","Y","N"
"Comm. Statist. Simulation Comput.","Communications in Statistics. Simulation and Computation","","Taylor & Francis, Abingdon.","0361-0918","N","N","N"
"Comm. Statist. Theory Methods","Communications in Statistics. Theory and Methods","","Taylor & Francis, Philadelphia, PA.","0361-0926","N","N","N"
"Commun. Am. Math. Soc.","Communications of the American Mathematical Society","","Amer. Math. Soc., Providence, RI.","","N","Y","N"
"Commun. Anal. Comput.","Communications on Analysis and Computation","","Am. Inst. Math. Sci. (AIMS), Springfield, MO.","","N","N","N"
"Commun. Anal. Mech.","Communications in Analysis and Mechanics","","Am. Inst. Math. Sci. (AIMS), Springfield, MO.","","N","Y","N"
"Commun. Appl. Ind. Math.","Communications in Applied and Industrial Mathematics","","SIMAI, Rome.","","N","N","N"
"Commun. Appl. Math. Comput.","Communications on Applied Mathematics and Computation","","Springer, Singapore.","2096-6385","N","N","N"
"Commun. Appl. Math. Comput. Sci.","Communications in Applied Mathematics and Computational Science","","Math. Sci. Publ., Berkeley, CA.","1559-3940","N","Y","N"
"Commun. Comb. Optim.","Communications in Combinatorics and Optimization","","Azarb. Shahid Madani Univ., Tabriz.","2538-2128","N","N","N"
"Commun. Comput. Inf. Sci.","Communications in Computer and Information Science","","Springer, Cham.","1865-0929","N","N","Y"
"Commun. Comput. Phys.","Communications in Computational Physics","","Glob. Sci. Pr., Shatin.","1815-2406","N","N","N"
"Commun. Contemp. Math.","Communications in Contemporary Mathematics","","World Sci. Publ., Singapore.","0219-1997","N","Y","N"
"Commun. Cybern. Syst. Sci. Eng.","Communications in Cybernetics, Systems Science and Engineering","","CRC Press, Boca Raton, FL.","2164-9693","N","N","Y"
"Commun. Fac. Sci. Univ. Ank. Ser. A1. Math. Stat.","Communications. Faculty of Sciences. University of Ankara. Series A1. Mathematics and Statistics","","Ankara Univ., Fac. Sci., Ankara.","1303-5991","N","N","N"
"Commun. Inf. Syst.","Communications in Information and Systems","","Int. Press, Somerville, MA.","1526-7555","N","N","N"
"Commun. Korean Math. Soc.","Korean Mathematical Society. Communications","","Korean Math. Soc., Seoul.","1225-1763","N","Y","N"
"Commun. Math.","Communications in Mathematics","","Univ. Ostrava, Ostrava.","1804-1388","N","Y","N"
"Commun. Math. Anal. Appl.","Communications in Mathematical Analysis and Applications","","Glob. Sci. Pr., Shatin.","2790-1920","N","N","N"
"Commun. Math. Res.","Communications in Mathematical Research","","Glob. Sci. Pr., Shatin.","1674-5647","N","N","N"
"Commun. Math. Sci.","Communications in Mathematical Sciences","","Int. Press, Somerville, MA.","1539-6746","N","Y","N"
"Commun. Math. Stat.","Communications in Mathematics and Statistics","","Springer, Berlin.","2194-6701","N","N","N"
"Commun. Nonlinear Sci. Numer. Simul.","Communications in Nonlinear Science and Numerical Simulation","","Elsevier B. V., Amsterdam.","1007-5704","N","N","N"
"Commun. Number Theory Phys.","Communications in Number Theory and Physics","","Int. Press, Somerville, MA.","1931-4523","N","Y","N"
"Commun. Pure Appl. Anal.","Communications on Pure and Applied Analysis","","Am. Inst. Math. Sci. (AIMS), Springfield, MO.","1534-0392","N","Y","N"
"Commun. Theor. Phys. (Beijing)","Communications in Theoretical Physics","","Chinese Phys. Soc., Beijing.","0253-6102","N","N","N"
"Compact Textb. Math.","Compact Textbooks in Mathematics","","Birkhauser/Springer, Cham.","2296-455X","N","N","Y"
"Complex Anal. Oper. Theory","Complex Analysis and Operator Theory","","Birkhauser Verlag, Basel.","1661-8254","N","Y","N"
"Complex Anal. Synerg.","Complex Analysis and its Synergies","","Springer, Berlin.","2524-7581","N","Y","N"
"Complex Manifolds","Complex Manifolds","","De Gruyter, Berlin.","","N","Y","N"
"Complex Netw. Dyn. Syst.","Complex Networks and Dynamic Systems","","Springer, New York.","2195-724X","N","N","Y"
"Complex Var. Elliptic Equ.","Complex Variables and Elliptic Equations. An International Journal","","Taylor & Francis, Abingdon.","1747-6933","N","Y","N"
"Compositionality","Compositionality","","Compositionality, Oxford.","","N","N","N"
"Compos. Math.","Compositio Mathematica","","London Math. Soc., London.","0010-437X","N","Y","N"
"Comp. Synth. Creat. Sys.","Computational Synthesis and Creative Systems","","Springer, Cham.","2509-6575","N","N","Y"
"Computability","Computability. The Journal of the Association CiE","","Sage, Thousand Oaks, CA.","2211-3568","N","Y","N"
"Comput.-Aided Des.","Computer-Aided Design","","Elsevier Sci. B. V., Amsterdam.","0010-4485","N","N","N"
"Comput. Aided Geom. Design","Computer Aided Geometric Design","","Elsevier Sci. B. V., Amsterdam.","0167-8396","N","Y","N"
"Comput. Appl. Math.","Computational & Applied Mathematics","","Springer, Basel.","2238-3603","N","Y","N"
"Comput. Archit. Des. Methodol.","Computer Architecture and Design Methodologies","","Springer, Singapore.","2367-3478","Y","N","Y"
"Comput. Complexity","Computational Complexity","","Birkhauser Verlag, Basel.","1016-3328","N","Y","N"
"Comput. Exp. Methods Struct.","Computational and Experimental Methods in Structures","","World Sci. Publ., Hackensack, NJ.","2044-9283","N","N","Y"
"Comput. & Fluids","Computers & Fluids. An International Journal","","Elsevier Sci. B. V., Amsterdam.","0045-7930","N","N","N"
"Comput. Geom.","Computational Geometry. Theory and Applications","","Elsevier B. V., Amsterdam.","0925-7721","N","Y","N"
"Comput. Geom. Topol.","Computing in Geometry and Topology (CGT)","","Comput. Geom. Topol., Berlin.","","N","N","N"
"Comput. Geosci.","Computational Geosciences. Modeling, Simulation and Data Analysis","","Springer, Dordrecht.","1420-0597","N","N","N"
"Computing","Computing. Archives for Scientific Computing","","Springer, Vienna.","0010-485X","N","N","N"
"Comput. Intell. Eng. Probl. Solving","Computational Intelligence in Engineering Problem Solving","","CRC Press, Boca Raton, FL.","","Y","N","Y"
"Comput. Intell. Methods Appl.","Computational Intelligence Methods and Applications","","Springer, Singapore.","2510-1765","N","N","Y"
"Comput. J.","The Computer Journal","","Oxford Univ. Press, Oxford.","0010-4620","N","N","N"
"Comput. Manag. Sci.","Computational Management Science","","Springer, Heidelberg.","1619-697X","N","N","N"
"Comput. Math. Appl.","Computers & Mathematics with Applications. An International Journal","","Elsevier Ltd, Oxford.","0898-1221","N","Y","N"
"Comput. Math. Biophys.","Computational and Mathematical Biophysics","","De Gruyter, Berlin.","","N","N","N"
"Comput. Math. Math. Phys.","Computational Mathematics and Mathematical Physics","","MAIK Nauka/Interperiod. Publ., Moscow.","0965-5425","N","N","N"
"Comput. Math. Methods","Computational and Mathematical Methods","","Wiley, Oxford.","","N","N","N"
"Comput. Math. Model.","Computational Mathematics and Modeling","","Springer, New York.","1046-283X","N","N","N"
"Comput. Mech.","Computational Mechanics","","Springer, Berlin.","0178-7675","N","N","N"
"Comput. Methods Appl. Math.","Computational Methods in Applied Mathematics","","De Gruyter, Berlin.","1609-4840","N","N","N"
"Comput. Methods Appl. Mech. Engrg.","Computer Methods in Applied Mechanics and Engineering","","Elsevier Sci. B. V., Amsterdam.","0045-7825","N","N","N"
"Comput. Methods Appl. Sci.","Computational Methods in Applied Sciences","","Springer, Cham.","1871-3033","N","N","Y"
"Comput. Methods Differ. Equ.","Computational Methods for Differential Equations","","Univ. Tabriz, Tabriz.","2345-3982","N","N","N"
"Comput. Methods Eng. Sci.","Computational Methods in Engineering & the Sciences","","Springer, Singapore.","2662-4869","N","N","Y"
"Comput. Methods Funct. Theory","Computational Methods and Function Theory","","Springer, Berlin.","1617-9447","N","Y","N"
"Comput. Music Sci.","Computational Music Science","","Springer, Cham.","1868-0305","N","N","Y"
"Comput. Oper. Res.","Computers & Operations Research","","Elsevier Sci. B. V., Amsterdam.","0305-0548","N","N","N"
"Comput. Optim. Appl.","Computational Optimization and Applications. An International Journal","","Springer, New York.","0926-6003","N","Y","N"
"Comput. Sci. Eng.","Computational Science & Engineering","","SIAM, Philadelphia, PA.","","N","N","Y"
"Comput. Sci. Found. Appl. Log.","Computer Science Foundations and Applied Logic","","Birkhauser/Springer, Cham.","2731-5754","N","N","Y"
"Comput. Sci. J. Moldova","Academy of Sciences of Moldova. Institute of Mathematics and Computer Science. Computer Science Journal of Moldova","","Acad. Sci. Moldova, Inst. Math. Comput. Sci., Kishinev.","1561-4042","N","N","N"
"Comput. Sci. Rev.","Computer Science Review","","Elsevier B. V., Amsterdam.","1574-0137","N","N","N"
"Comput. Statist.","Computational Statistics","","Springer, Berlin.","0943-4062","N","N","N"
"Comput. Statist. Data Anal.","Computational Statistics & Data Analysis","","Elsevier B. V., Amsterdam.","0167-9473","N","N","N"
"Concr. Oper.","Concrete Operators","","De Gruyter, Berlin.","","N","Y","N"
"Confluentes Math.","Confluentes Mathematici","","Univ. Claude-Bernard Lyon 1, Inst. Camille Jordan, Villeurbanne.","","N","Y","N"
"Conform. Geom. Dyn.","Conformal Geometry and Dynamics. An Electronic Journal of the American Mathematical Society","","Amer. Math. Soc., Providence, RI.","","N","Y","N"
"Conf. Proc. Soc. Exp. Mech. Ser.","Conference Proceedings of the Society for Experimental Mechanics Series","","Springer, New York.","2191-5644","N","N","Y"
"Congr. Numer.","Congressus Numerantium. A Conference Journal on Numerical Themes","","Comb. Press, Winnipeg, MB.","0384-9864","N","N","N"
"Constraints","Constraints. An International Journal","","Springer, New York.","1383-7133","N","Y","N"
"Constr. Approx.","Constructive Approximation. An International Journal for Approximations and Expansions","","Springer, New York.","0176-4276","N","Y","N"
"Constr. Math. Anal.","Constructive Mathematical Analysis","","Constr. Math. Anal., Konya.","","N","N","N"
"Contemp. Math.","Contemporary Mathematics","","Amer. Math. Soc., Providence, RI.","0271-4132","N","N","Y"
"Contemp. Math. Appl. Monogr. Expo. Lect. Notes","Contemporary Mathematics and Its Applications: Monographs, Expositions and Lecture Notes","","World Sci. Publ., Hackensack, NJ.","","N","N","Y"
"Contemp. Mathematicians","Contemporary Mathematicians","","Birkhauser/Springer, Basel.","0884-7037","N","N","Y"
"Contemp. Syst. Think.","Contemporary Systems Thinking","","Springer, Cham.","1568-2846","N","N","Y"
"Contin. Mech. Thermodyn.","Continuum Mechanics and Thermodynamics","","Springer, Berlin.","0935-1175","N","N","N"
"Contrib. Discrete Math.","Contributions to Discrete Mathematics","","Contrib. Discrete Math., Calgary, AB.","","N","Y","N"
"Contrib. Econ.","Contributions to Economics","","Springer, Cham.","1431-1933","N","N","Y"
"Contrib. Manag. Sci.","Contributions to Management Science","","Springer, Cham.","1431-1941","N","N","Y"
"Contrib. Stat.","Contributions to Statistics","","Springer, Cham.","1431-1968","N","N","Y"
"Control Cybernet.","Control and Cybernetics","","Polish Acad. Sci. Syst. Res. Inst., Warsaw.","0324-8569","N","N","N"
"Control Eng.","Control Engineering","","Birkhauser/Springer, Cham.","2373-7727","N","N","Y"
"Control Theory Technol.","Control Theory and Technology","","South China Univ. Tech., Guangzhou.","2095-6983","N","N","N"
"Copernic. Books","Copernicus Books","","Birkhauser/Springer, Cham.","2731-8982","N","N","Y"
"Cornerstones","Cornerstones","","Birkhauser/Springer, New York.","2197-182X","N","N","Y"
"Courant Lect. Notes Math.","Courant Lecture Notes in Mathematics","","Courant Inst. Math. Sci., New York.","0075-8434","N","N","Y"
"Cours (Publ. Univ. Rouen Havre)","Cours","","PURH, Mont-Saint-Aignan.","1952-5915","N","N","Y"
"Cours Spec.","Cours Specialises","Specialized Courses","Soc. Math. France, Paris.","1284-6090","N","N","Y"
"C. R. Acad. Bulgare Sci.","Dokladi na Blgarskata Akademiya na Naukite. Comptes Rendus de l'Academie Bulgare des Sciences","","Publ. House Bulgar. Acad. Sci., Sofia.","1310-1331","N","N","N"
"CRC Press/Chapman Hall Handb. Math. Ser.","CRC Press/Chapman and Hall Handbooks in Mathematics Series","","CRC Press, Boca Raton, FL.","","N","N","Y"
"Creat. Math. Inform.","Creative Mathematics and Informatics","","N. Univ. Baia Mare, Baia Mare.","1584-286X","N","N","N"
"C. R. Math. Acad. Sci. Paris","Comptes Rendus Mathematique. Academie des Sciences. Paris","","Acad. Sci., Inst. France, Paris.","1631-073X","N","Y","N"
"C. R. Math. Acad. Sci. Soc. R. Can.","Comptes Rendus Mathematiques de l'Academie des Sciences. La Societe Royale du Canada. Mathematical Reports of the Academy of Science. The Royal Society of Canada","","Acad. Sci. R. Soc. Can., Ottawa, ON.","0706-1994","N","Y","N"
"CRM Monogr. Ser.","CRM Monograph Series","","Amer. Math. Soc., Providence, RI.","1065-8599","N","N","Y"
"CRM Ser. Math. Phys.","CRM Series in Mathematical Physics","","Springer, Cham.","","N","N","Y"
"CRM Short Courses","CRM Short Courses","","Springer, Cham.","2522-5200","N","N","Y"
"Croat. Oper. Res. Rev. CRORR","Croatian Operational Research Review. CRORR","","Croatian Oper. Res. Soc., Zagreb.","1848-0225","N","N","N"
"Crossroads","Crossroads. History of Interactions across the Silk Routes","","Brill, Leiden.","2589-885X","N","N","Y"
"Cryptogr. Commun.","Cryptography and Communications. Discrete Structures, Boolean Functions and Sequences","","Springer, New York.","1936-2447","N","Y","N"
"CSIAM Trans. Appl. Math.","CSIAM Transactions on Applied Mathematics","","Glob. Sci. Pr., Shatin.","2708-0560","N","N","N"
"CSLI Lecture Notes","CSLI Lecture Notes","","CSLI Publ., Stanford, CA.","","N","N","Y"
"CTM. Class. Top. Math.","CTM. Classical Topics in Mathematics","","Higher Ed. Press, Beijing.","","N","N","Y"
"Cuad. Log. Epistemol. Leng.","Cuadernos de Logica, Epistemologia y Lenguaje","Logic, Epistemology and Language Collection","Coll. Publ., London.","","N","N","Y"
"Cubo","Cubo. A Mathematical Journal","","Univ. Frontera, Dep. Mat. Estad., Temuco.","0716-7776","N","Y","N"
"Curr. Nat. Sci.","Current Natural Sciences","","EDP Sci., Les Ulis.","","N","N","Y"
"Cybernet. Systems Anal.","Cybernetics and Systems Analysis","","Springer, New York.","1060-0396","N","N","N"
"Cyber-Phys. Syst. Ser.","The Cyber-Physical Systems Series","","MIT Press, Cambridge, MA.","","N","N","Y"
"Czechoslovak Math. J.","Czechoslovak Mathematical Journal","","Acad. Sci. Czech Repub. Inst. Math., Prague.","0011-4642","N","Y","N"
"Dalnevost. Mat. Zh.","Dalnevostochnyi Matematicheskii Zhurnal. Far Eastern Mathematical Journal","","Ross. Akad. Nauk, Dalnevost. Otd., Inst. Prikl. Mat., Khabarov. Otd., Khabarovsk.","1608-845X","N","N","N"
"Data Min. Knowl. Discov.","Data Mining and Knowledge Discovery","","Springer, New York.","1384-5810","N","N","N"
"Decis. Anal.","Decision Analysis","","INFORMS, Catonsville, MD.","1545-8490","N","N","N"
"Decis. Econ. Finance","Decisions in Economics and Finance. A Journal of Applied Mathematics","","Springer Italia, Milan.","1593-8883","N","Y","N"
"De Gruyter Exp. Math.","De Gruyter Expositions in Mathematics","","De Gruyter, Berlin.","0938-6572","N","N","Y"
"De Gruyter Grad.","De Gruyter Graduate","","De Gruyter, Berlin.","","N","N","Y"
"De Gruyter Proc.","De Gruyter Proceedings","","De Gruyter, Berlin.","2510-0734","N","N","Y"
"De Gruyter Proc. Math.","De Gruyter Proceedings in Mathematics","","De Gruyter, Berlin.","","N","N","Y"
"De Gruyter Ser. Appl. Math. Eng. Inf. Sci.","De Gruyter Series on the Applications of Mathematics in Engineering and Information Sciences","","De Gruyter, Berlin.","2626-5427","N","N","Y"
"De Gruyter Ser. Appl. Numer. Math.","De Gruyter Series in Applied and Numerical Mathematics","","De Gruyter, Berlin.","2512-1820","N","N","Y"
"De Gruyter Ser. Comput. Sci. Eng.","De Gruyter Series in Computational Science and Engineering","","De Gruyter, Berlin.","2512-7284","Y","N","Y"
"De Gruyter Ser. Discrete Math. Appl.","De Gruyter Series in Discrete Mathematics and Applications","","De Gruyter, Berlin.","2195-5557","N","N","Y"
"De Gruyter Ser. Log. Appl.","De Gruyter Series in Logic and its Applications","","De Gruyter, Berlin.","1438-1893","N","N","Y"
"De Gruyter Ser. Nonlinear Anal. Appl.","De Gruyter Series in Nonlinear Analysis and Applications","","De Gruyter, Berlin.","0941-813X","N","N","Y"
"De Gruyter Ser. Probab. Stoch.","De Gruyter Series in Probability and Stochastics","","De Gruyter, Berlin.","2512-9007","N","N","Y"
"De Gruyter STEM","De Gruyter STEM","","De Gruyter, Berlin.","","N","N","Y"
"De Gruyter Stud.","De Gruyter Studium","","De Gruyter, Berlin.","","N","N","Y"
"De Gruyter Stud. Math.","De Gruyter Studies in Mathematics","","De Gruyter, Berlin.","0179-0986","N","N","Y"
"De Gruyter Stud. Math. Phys.","De Gruyter Studies in Mathematical Physics","","De Gruyter, Berlin.","2194-3532","N","N","Y"
"De Gruyter Textbook","De Gruyter Textbook","","De Gruyter, Berlin.","","N","N","Y"
"Demonstr. Math.","Demonstratio Mathematica","","De Gruyter, Berlin.","0420-1213","N","Y","N"
"Depend. Model.","Dependence Modeling","","De Gruyter, Berlin.","","N","N","N"
"Des. Codes Cryptogr.","Designs, Codes and Cryptography. An International Journal","","Springer, New York.","0925-1022","N","Y","N"
"Dev. Bank Jpn. Res. Ser.","Development Bank of Japan Research Series","","Springer, Singapore.","2367-0967","N","N","Y"
"Dev. Math.","Developments in Mathematics","","Springer, Cham.","1389-2177","N","N","Y"
"Dialectica","Dialectica","","Eur. Soc. Anal. Philos., Vienna.","0012-2017","N","N","N"
"Dialog. Games Log.","Dialogues and Games of Logic","","Coll. Publ., London.","","N","N","Y"
"Differ.-Algebr. Equ. Forum","Differential-Algebraic Equations Forum","","Springer, Cham.","2199-7497","N","N","Y"
"Differential Geom. Appl.","Differential Geometry and its Applications","","Elsevier, Inc., Amsterdam.","0926-2245","N","Y","N"
"Differential Integral Equations","Differential and Integral Equations. An International Journal for Theory & Applications","","Khayyam, West Palm Beach, FL.","0893-4983","N","Y","N"
"Differentsialnaya Geom. Mnogoobraz. Figur","Differentsialnaya Geometriya Mnogoobrazii Figur","","Izd. Balti. Fed. Univ. im. I. Kanta, Kaliningrad.","0321-4796","N","N","N"
"Differ. Equ.","Differential Equations","","Pleiades Publishing, Ltd., Road Town.","0012-2661","N","Y","N"
"Differ. Equ. Appl.","Differential Equations & Applications","","ELEMENT, Zagreb.","1847-120X","N","N","N"
"Differ. Equ. Dyn. Syst.","Differential Equations and Dynamical Systems. International Journal for Theory, Real World Modelling and Simulations","","Springer India, New Delhi.","0971-3514","N","Y","N"
"Differ. Uravn. Protsessy Upr.","Differentsialnye Uravneniya i Protsessy Upravleniya. Differential Equations and Control Processes","","St.-Peterbg. Gos. Univ., Mat.-Mekh. Fak., St. Petersburg.","","N","N","N"
"Discrete Anal.","Discrete Analysis","","Alliance of Diam. Open Access J., Cambridge.","","N","Y","N"
"Discrete Appl. Math.","Discrete Applied Mathematics. The Journal of Combinatorial Algorithms, Informatics and Computational Sciences","","Elsevier Sci. B. V., Amsterdam.","0166-218X","N","Y","N"
"Discrete Comput. Geom.","Discrete & Computational Geometry. An International Journal of Mathematics and Computer Science","","Springer, New York.","0179-5376","N","Y","N"
"Discrete Contin. Dyn. Syst.","Discrete and Continuous Dynamical Systems","","Am. Inst. Math. Sci. (AIMS), Springfield, MO.","1078-0947","N","Y","N"
"Discrete Contin. Dyn. Syst. Ser. B","Discrete and Continuous Dynamical Systems. Series B. A Journal Bridging Mathematics and Sciences","","Am. Inst. Math. Sci. (AIMS), Springfield, MO.","1531-3492","N","Y","N"
"Discrete Contin. Dyn. Syst. Ser. S","Discrete and Continuous Dynamical Systems. Series S","","Am. Inst. Math. Sci. (AIMS), Springfield, MO.","1937-1632","N","Y","N"
"Discrete Event Dyn. Syst.","Discrete Event Dynamic Systems: Theory and Applications","","Springer, New York.","0924-6703","N","N","N"
"Discrete Math.","Discrete Mathematics","","Elsevier Sci. B. V., Amsterdam.","0012-365X","N","Y","N"
"Discrete Math. Algorithms Appl.","Discrete Mathematics, Algorithms and Applications","","World Sci. Publ., Singapore.","1793-8309","N","N","N"
"Discrete Math. Appl.","Discrete Mathematics and Applications","","De Gruyter, Berlin.","0924-9265","N","N","N"
"Discrete Math. Appl. (Boca Raton)","Discrete Mathematics and its Applications (Boca Raton)","","CRC Press, Boca Raton, FL.","","N","N","Y"
"Discrete Math. Lett.","Discrete Mathematics Letters","","Shahin Digital Publisher, Gujrat.","","N","N","N"
"Discrete Math. Theor. Comput. Sci.","Discrete Mathematics & Theoretical Computer Science. DMTCS.","","Assoc. Discrete Math. Theor. Comput. Sci., Strasbourg.","","N","Y","N"
"Discrete Optim.","Discrete Optimization","","Elsevier B. V., Amsterdam.","1572-5286","N","Y","N"
"Discuss. Math. Differ. Incl. Control Optim.","Discussiones Mathematicae. Differential Inclusions, Control and Optimization","","Univ. Zielona Gora Pr., Zielona Gora.","1509-9407","N","Y","N"
"Discuss. Math. Gen. Algebra Appl.","Discussiones Mathematicae. General Algebra and Applications","","Univ. Zielona Gora Pr., Zielona Gora.","1509-9415","N","Y","N"
"Discuss. Math. Graph Theory","Discussiones Mathematicae. Graph Theory","","Univ. Zielona Gora Pr., Zielona Gora.","1234-3099","N","Y","N"
"Diskret. Mat.","Diskretnaya Matematika","","Ross. Akad. Nauk, Inst. Mat. im. Steklova (MIAN), Moscow.","0234-0860","N","Y","N"
"Diskretn. Anal. Issled. Oper.","Diskretnyi Analiz i Issledovanie Operatsii","","Izdat. Ross. Akad. Nauk Sib. Otd. Inst. Mat., Novosibirsk.","1560-7542","N","N","N"
"Dissertationes Math.","Dissertationes Mathematicae","","Inst. Math., Polish Acad. Sci., Warsaw.","0012-3862","N","Y","N"
"Distrib. Comput.","Distributed Computing","","Springer, Berlin.","0178-2770","N","N","N"
"Doc. Math.","Documenta Mathematica","","EMS Press, Berlin.","1431-0635","N","Y","N"
"Doc. Math. (Paris)","Documents Mathematiques (Paris)","Mathematical Documents (Paris)","Soc. Math. France, Paris.","1629-4939","N","N","Y"
"Dokl. Akad. Nauk","Rossiiskaya Akademiya Nauk. Doklady Akademii Nauk","","``Nauka'', Moscow.","0869-5652","N","N","N"
"Dokl. Math.","Doklady Mathematics","","MAIK Nauka/Interperiod. Publ., Moscow.","1064-5624","N","N","N"
"Dokl. Nats. Akad. Nauk Armen.","Doklady. Natsionalnaya Akademiya Nauk Armenii. Reports. National Academy of Sciences of Armenia","","Idzat. Nats. Akad. Nauk Armen., Erevan.","0321-1339","N","N","N"
"Dokl. Nats. Akad. Nauk Belarusi","Doklady Natsionalnoi Akademii Nauk Belarusi","","Izdat. Belarus. Navuka, Minsk.","1561-8323","N","N","N"
"Dolciani Math. Exp.","The Dolciani Mathematical Expositions","","Math. Assoc. America, Washington, DC.","","N","N","Y"
"Dolomites Res. Notes Approx.","Dolomites Research Notes on Approximation","","Padova University Press, Padua.","","N","N","N"
"Dopov. Nats. Akad. Nauk Ukr. Mat. Prirodozn. Tekh. Nauki","Dopovidi Natsionalnoi Akademii Nauk Ukraini. Matematika. Prirodoznavstvo. Tekhnichni Nauki","","Vidavn. Dim "Akademperiodika", Kiev.","1025-6415","N","N","N"
"Duke Math. J.","Duke Mathematical Journal","","Duke Univ. Press, Durham, NC.","0012-7094","N","Y","N"
"Dyn. Contin. Discrete Impuls. Syst. Ser. A Math. Anal.","Dynamics of Continuous, Discrete & Impulsive Systems. Series A. Mathematical Analysis","","Watam Press, Waterloo, ON.","1201-3390","N","N","N"
"Dyn. Contin. Discrete Impuls. Syst. Ser. B Appl. Algorithms","Dynamics of Continuous, Discrete & Impulsive Systems. Series B. Applications & Algorithms","","Watam Press, Waterloo, ON.","1492-8760","N","N","N"
"Dyn. Games Appl.","Dynamic Games and Applications","","Birkhauser, Boston, MA.","2153-0785","N","N","N"
"Dyn. Model. Econom. Econ. Finance","Dynamic Modeling and Econometrics in Economics and Finance","","Springer, Cham.","1566-0419","N","N","Y"
"Dyn. Partial Differ. Equ.","Dynamics of Partial Differential Equations","","Int. Press, Somerville, MA.","1548-159X","N","Y","N"
"Dyn. Syst.","Dynamical Systems. An International Journal","","Taylor & Francis, Abingdon.","1468-9367","N","Y","N"
"EAI/Springer Innov. Commun. Comput.","EAI/Springer Innovations in Communication and Computing","","Springer, Cham.","2522-8595","N","N","Y"
"Early Sci. Med.","Early Science and Medicine. A Journal for the Study of Science, Technology and Medicine in the Pre-modern Period","","Brill, Leiden.","1383-7427","N","N","N"
"East Asian J. Appl. Math.","East Asian Journal on Applied Mathematics","","Glob. Sci. Pr., Hong Kong.","2079-7362","N","N","N"
"East China Norm. Univ. Sci. Rep.","East China Normal University Scientific Reports","","World Sci. Publ., Singapore.","2382-5715","N","N","Y"
"East-West J. Math.","East-West Journal of Mathematics","","","","N","Y","N"
"Ec. Ete Probab. St.-Flour","Ecole d'Ete de Probabilites de Saint-Flour","Saint-Flour Probability Summer School","Springer, Heidelberg.","0721-5363","N","N","Y"
"Ecol. Res. Monogr.","Ecological Research Monographs","","Springer, Singapore.","2191-0707","N","N","Y"
"Econometrica","Econometrica. Journal of the Econometric Society","","Econometric Soc., New York.","0012-9682","N","N","N"
"Econometric Rev.","Econometric Reviews","","Taylor & Francis, Philadelphia, PA.","0747-4938","N","N","N"
"Econometric Theory","Econometric Theory","","Cambridge Univ. Press, New York.","0266-4666","N","N","N"
"Econom. J.","The Econometrics Journal","","Oxford Univ. Press, Oxford.","1368-4221","N","N","N"
"Econom. Lett.","Economics Letters","","Elsevier Sci. B. V., Amsterdam.","0165-1765","N","N","N"
"Econom. Soc. Monogr.","Econometric Society Monographs","","Cambridge Univ. Press, Cambridge.","","N","N","Y"
"Econom. Stat.","Econometrics and Statistics","","Elsevier Sci. B. V., Amsterdam.","2468-0389","N","N","N"
"Econom. Theory","Economic Theory","","Springer, Heidelberg.","0938-2259","N","N","N"
"Econ. Stud. Inequal. Soc. Exclusion Well-Being","Economic Studies in Inequality, Social Exclusion and Well-Being","","Springer, New York.","2364-107X","N","N","Y"
"Econ. Theory Bull.","Economic Theory Bulletin","","Springer, Berlin.","2196-1085","N","N","N"
"Ed. Angew.","Edition Angewandte","Applied Edition","Springer, Vienna.","1866-248X","N","N","Y"
"Ed. Gutenbergplatz Leipz. (EAGLE)","Edition am Gutenbergplatz Leipzig (EAGLE)","Gutenbergplatz Leipzig Edition (EAGLE)","Ed. Gutenbergplatz Leipz. (EAG.LE), Leipzig.","","N","N","Y"
"Ed. Naz. Opera Mat. Francesco Maurolico","Edizione Nazionale dell'Opera Matematica di Francesco Maurolico","National edition of the mathematical works of Francesco Maurolico","Fabrizio Serra Editore, Pisa.","2531-9191","N","N","Y"
"Ed. Open Sources","Edition Open Sources","","Ed. Open Access, Max Planck Inst. Hist. Sci., Berlin.","","N","N","Y"
"Einstein Stud.","Einstein Studies","","Birkhauser/Springer, New York.","2381-5833","N","N","Y"
"Electron. Commun. Probab.","Electronic Communications in Probability","","Inst. Math. Statist., Waite Hill, OH.","","N","Y","N"
"Electron. J. Combin.","Electronic Journal of Combinatorics","","Electron. J. Combin., San Marcos, CA.","","N","Y","N"
"Electron. J. Differential Equations","Electronic Journal of Differential Equations","","Texas State Univ.--San Marcos, Dept. Math., San Marcos, TX.","","N","Y","N"
"Electron. J. Differ. Equ. Conf.","Electronic Journal of Differential Equations Conference","","Texas State Univ., San Marcos, TX.","","N","N","Y"
"Electron. J. Graph Theory Appl. (EJGTA)","Electronic Journal of Graph Theory and Applications. EJGTA","","Indonesian Comb. Soc., Bandung.","","N","Y","N"
"Electron. J. Linear Algebra","Electronic Journal of Linear Algebra","","Internat. Linear Algebra Soc. (ILAS), Haifa.","","N","Y","N"
"Electron. J. Math. Anal. Appl.","Electronic Journal of Mathematical Analysis and Applications. EJMAA","","Fract. Calc. Appl. Group, Alexandria.","3009-6731","N","N","N"
"Electron. J. Probab.","Electronic Journal of Probability","","Inst. Math. Statist., Bethesda, MD.","","N","Y","N"
"Electron. J. Qual. Theory Differ. Equ.","Electronic Journal of Qualitative Theory of Differential Equations","","Electron. J. Qual. Theory Differ. Equ., Szeged.","","N","Y","N"
"Electron. J. Stat.","Electronic Journal of Statistics","","Inst. Math. Statist., Beachwood, OH.","","N","Y","N"
"Electron. Notes Theor. Comput. Sci.","Electronic Notes in Theoretical Computer Science","","Elsevier Sci. B. V., Amsterdam.","1571-0661","N","N","Y"
"Electron. Notes Theor. Inform. Comput. Sci.","Electronic Notes in Theoretical Informatics and Computer Science","","Episciences, Villeurbanne.","","N","N","Y"
"Electron. Proc. Theor. Comput. Sci. (EPTCS)","Electronic Proceedings in Theoretical Computer Science (EPTCS)","","EPTCS, [place of publication not identified].","2075-2180","N","N","Y"
"Electron. Res. Arch.","Electronic Research Archive","","Am. Inst. Math. Sci. (AIMS), Springfield, MO.","","N","N","N"
"Electron. Trans. Numer. Anal.","Electronic Transactions on Numerical Analysis","","Kent State Univ. Lib., Kent, OH.","","N","Y","N"
"Elem. Appl. Categ. Theory","Elements in Applied Category Theory","","Cambridge Univ. Press, Cambridge.","","N","N","Y"
"Elem. Decis. Theory Philos.","Elements in Decision Theory and Philosophy","","Cambridge Univ. Press, Cambridge.","2517-4819","N","N","Y"
"Elem. Math.","Elemente der Mathematik","","EMS Press, Berlin.","0013-6018","N","Y","N"
"Elem. Non-local Data Interact.: Found. Appl.","Elements in Non-local Data Interactions: Foundations and Applications","","Cambridge Univ. Press, Cambridge.","2755-1288","N","N","Y"
"Elem. Philos. Biol.","Elements in the Philosophy of Biology","","Cambridge Univ. Press, New York.","2515-1118","Y","N","Y"
"Elem. Philos. Math.","Elements in the Philosophy of Mathematics","","Cambridge Univ. Press, Cambridge.","2514-3808","N","N","Y"
"Emerg. Complex. Comput.","Emergence, Complexity and Computation","","Springer, Cham.","2194-7287","N","N","Y"
"Emerg. Top. Stat. Biostat.","Emerging Topics in Statistics and Biostatistics","","Springer, Cham.","2524-7735","N","N","Y"
"Emerg. Trends Mechatron.","Emerging Trends in Mechatronics","","Springer, Singapore.","2731-4855","N","N","Y"
"EMS Monogr. Math.","EMS Monographs in Mathematics","","Eur. Math. Soc., Zurich.","2523-5192","N","N","Y"
"EMS Ser. Congr. Rep.","EMS Series of Congress Reports","","Eur. Math. Soc., Zurich.","2523-515X","N","N","Y"
"EMS Ser. Ind. Appl. Math.","EMS Series in Industrial and Applied Mathematics","","Eur. Math. Soc., Zurich.","2523-5087","N","N","Y"
"EMS Ser. Lect. Math.","EMS Series of Lectures in Mathematics","","Eur. Math. Soc., Zurich.","2523-5176","N","N","Y"
"EMS Surv. Math. Sci.","EMS Surveys in Mathematical Sciences","","EMS Press, Berlin.","2308-2151","N","N","N"
"EMS Textbk. Math.","EMS Textbooks in Mathematics","","Eur. Math. Soc., Zurich.","","N","N","Y"
"EMS Tracts Math.","EMS Tracts in Mathematics","","Eur. Math. Soc., Zurich.","","N","N","Y"
"Encycl. Complex. Syst. Sci.","Encyclopedia of Complexity and Systems Science","","Springer, New York.","","N","N","Y"
"Encyclopedia Math. Appl.","Encyclopedia of Mathematics and its Applications","","Cambridge Univ. Press, Cambridge.","","N","N","Y"
"Eng. Anal. Bound. Elem.","Engineering Analysis with Boundary Elements","","Elsevier Ltd, Oxford.","0955-7997","N","N","N"
"Eng. Appl. Comput. Methods","Engineering Applications of Computational Methods","","Springer, Singapore.","2662-3366","N","N","Y"
"Eng. Optim. Methods App.","Engineering Optimization. Methods and Applications","","Springer, Singapore.","2731-4049","Y","N","Y"
"Eng. Stud.","Engineering Studies","","MIT Press, Cambridge, MA.","","Y","N","Y"
"Ensaios Mat.","Ensaios Matematicos","Mathematical Surveys","Soc. Brasil. Mat., Rio de Janeiro.","0103-8141","N","N","Y"
"Enseign. Math.","L'Enseignement Mathematique","","EMS Press, Berlin.","0013-8584","N","Y","N"
"Enumer. Comb. Appl.","Enumerative Combinatorics and Applications","","Univ. Haifa, Haifa.","","N","N","N"
"Environmetrics","Environmetrics","","Wiley, Oxford.","1180-4009","N","N","N"
"EPiC Ser. Comput.","EPiC Series in Computing","","EasyChair, Manchester.","2398-7340","N","N","Y"
"Epijournal Geom. Algebrique","Epijournal de Geometrie Algebrique. EPIGA","","Epijournal de Geom. Algebrique, [place of publication not identified].","","N","N","N"
"Episteme","Episteme","","Presses Univ. Provence, Aix-en-Provence.","1777-4144","N","N","Y"
"ERCOFTAC Ser.","ERCOFTAC Series","","Springer, Dordrecht.","1382-4309","N","N","Y"
"Ergeb. Math. Grenzgeb. (3)","Ergebnisse der Mathematik und ihrer Grenzgebiete. 3. Folge. A Series of Modern Surveys in Mathematics","Results in Mathematics and Related Areas. 3rd Series. A Series of Modern Surveys in Mathematics","Springer, Cham.","0071-1136","N","N","Y"
"Ergodic Theory Dynam. Systems","Ergodic Theory and Dynamical Systems","","Cambridge Univ. Press, Cambridge.","0143-3857","N","Y","N"
"Erkenntnis","Erkenntnis. An International Journal of Scientific Philosophy","","Springer, Dordrecht.","0165-0106","N","N","N"
"ESAIM Control Optim. Calc. Var.","ESAIM. Control, Optimisation and Calculus of Variations","","EDP Sci., Les Ulis.","1292-8119","N","Y","N"
"ESAIM Math. Model. Numer. Anal.","ESAIM. Mathematical Modelling and Numerical Analysis","","EDP Sci., Les Ulis.","2822-7840","N","Y","N"
"ESAIM Probab. Stat.","ESAIM. Probability and Statistics","","EDP Sci., Les Ulis.","1292-8100","N","Y","N"
"ESAIM Proc. Surveys","ESAIM: Proceedings and Surveys","","EDP Sci., Les Ulis.","2267-3059","N","N","Y"
"ESI Lect. Math. Phys.","ESI Lectures in Mathematics and Physics","","Eur. Math. Soc., Zurich.","","N","N","Y"
"essentials","essentials","","Gabler Verlag, Wiesbaden.","2197-6708","N","N","Y"
"Essent. Number Theory","Essential Number Theory","","Math. Sci. Publ., Berkeley, CA.","2834-4626","N","Y","N"
"Essent. Textb. Math.","Essential Textbooks in Mathematics","","World Sci. Publ., Hackensack, NJ.","2059-7657","N","N","Y"
"Euleriana","Euleriana","","Euleriana, Stockton, CA.","","N","N","N"
"Eur. Actuar. J.","European Actuarial Journal","","Springer, Berlin.","2190-9733","N","N","N"
"Eurasian Math. J.","Eurasian Mathematical Journal","","L N. Gumilyov Eurasian Nat. Univ., Astana.","2077-9879","N","Y","N"
"Eur. Consort. Math. Ind. (Berl.)","European Consortium for Mathematics in Industry (Berlin)","","Springer, Berlin.","","N","N","Y"
"Eur. J. Artif. Intell.","The European Journal on Artificial Intelligence","","","3050-4554","Y","N","N"
"Eur. J. Comput. Mech.","European Journal of Computational Mechanics","","River Publishers, Gistrup.","2642-2085","N","N","N"
"Eur. J. Control","European Journal of Control","","Elsevier B. V., Amsterdam.","0947-3580","N","N","N"
"Eur. J. Math.","European Journal of Mathematics","","Springer, Cham.","2199-675X","N","Y","N"
"Eur. J. Mech. A Solids","European Journal of Mechanics. A. Solids","","Elsevier Sci. B. V., Amsterdam.","0997-7538","N","N","N"
"Eur. J. Mech. B Fluids","European Journal of Mechanics. B. Fluids","","Elsevier Sci. B. V., Amsterdam.","0997-7546","N","N","N"
"Eur. J. Philos. Sci.","European Journal for Philosophy of Science","","Springer, Dordrecht.","1879-4912","N","N","N"
"Eur. Math. Soc. Mag.","European Mathematical Society Magazine","","EMS Press, Berlin.","2747-7894","N","N","N"
"EURO Adv. Tutor. Oper. Res.","EURO Advanced Tutorials on Operational Research","","Springer, Cham.","2364-6888","N","N","Y"
"EURO J. Comput. Optim.","EURO Journal on Computational Optimization","","Elsevier, Amsterdam.","2192-4406","N","N","N"
"European Consort. Math. Indust.","European Consortium for Mathematics in Industry","","Teubner, Stuttgart.","","N","N","Y"
"European J. Appl. Math.","European Journal of Applied Mathematics","","Cambridge Univ. Press, New York.","0956-7925","N","N","N"
"European J. Combin.","European Journal of Combinatorics","","Elsevier Ltd, Oxford.","0195-6698","N","Y","N"
"European J. Oper. Res.","European Journal of Operational Research","","Elsevier Sci. B. V., Amsterdam.","0377-2217","N","N","N"
"Evol. Econ. Soc. Complex. Sci.","Evolutionary Economics and Social Complexity Science","","Springer, Tokyo.","2198-4204","N","N","Y"
"Evol. Equ. Control Theory","Evolution Equations and Control Theory","","Am. Inst. Math. Sci. (AIMS), Springfield, MO.","2163-2472","N","Y","N"
"Ex. Counterex.","Examples and Counterexamples","","Elsevier B. V., Amsterdam.","","N","N","N"
"Exempla Logica","Exempla Logica","","Francke, Munich.","","Y","N","Y"
"Exp. Math.","Experimental Mathematics","","Taylor & Francis, Philadelphia, PA.","1058-6458","N","Y","N"
"Expo. Math.","Expositiones Mathematicae","","Elsevier, Munich.","0723-0869","N","Y","N"
"Extracta Math.","Extracta Mathematicae","","Univ. Extremadura, Badajoz.","0213-8743","N","N","N"
"Extremes","Extremes. Statistical Theory and Applications in Science, Engineering and Economics","","Springer, New York.","1386-1999","N","Y","N"
"Facta Univ. Ser. Math. Inform.","Facta Universitatis. Series: Mathematics and Informatics","","Univ. Nis, Nis.","0352-9665","N","Y","N"
"Fasc. Math.","Polytechnica Posnaniensis. Institutum Mathematicum. Fasciculi Mathematici","","Politech. Poznanska, Poznan.","0044-4413","N","Y","N"
"FIAS Interdiscip. Sci. Ser.","FIAS Interdisciplinary Science Series","","Springer, Cham.","2522-8900","N","N","Y"
"Fibonacci Quart.","The Fibonacci Quarterly. The Official Journal of the Fibonacci Association","","Taylor & Francis, Abingdon.","0015-0517","N","N","N"
"Fields Inst. Commun.","Fields Institute Communications","","Springer, New York.","1069-5265","N","N","Y"
"Fields Inst. Monogr.","Fields Institute Monographs","","Springer, New York.","1069-5273","N","N","Y"
"Filomat","Univerzitet u Nisu. Prirodno-Matematicki Fakultet. Filomat","","Univ. Nis, Fac. Sci. Math., Nis.","0354-5180","N","N","N"
"Finance Prof.","Finance for Professionals","","Springer, Cham.","3059-3654","Y","N","Y"
"Finance Stoch.","Finance and Stochastics","","Springer, Berlin.","0949-2984","N","N","N"
"Financ. Math.","Financial Mathematics","","SIAM, Philadelphia, PA.","","N","N","Y"
"Financ. Math. Fintech","Financial Mathematics and Fintech","","Springer, Singapore.","2662-7167","N","N","Y"
"Finite Elem. Anal. Des.","Finite Elements in Analysis and Design","","Elsevier, Amsterdam.","0168-874X","N","N","N"
"Finite Fields Appl.","Finite Fields and their Applications","","Elsevier, Inc., Amsterdam.","1071-5797","N","Y","N"
"Fixed Point Theory","Fixed Point Theory. An International Journal on Fixed Point Theory, Computation and Applications","","House Book Sci., Cluj-Napoca.","1583-5022","N","Y","N"
"Fixed Point Theory Algorithms Sci. Eng.","Fixed Point Theory and Algorithms for Sciences and Engineering","","Springer, Berlin.","","N","N","N"
"FJ-LMI Subser.","FJ-LMI Subseries","French-Japanese Laboratory of Mathematics and its Interactions Subseries","Springer, Singapore.","3059-4146","Y","N","Y"
"Fluid Dyn.","Fluid Dynamics","","Pleiades Publishing, Ltd., Road Town.","0015-4628","N","N","N"
"Fluid Dyn. Res.","Fluid Dynamics Research. An International Journal","","IOP, Bristol.","0169-5983","N","N","N"
"Fluid Mech. Appl.","Fluid Mechanics and its Applications","","Springer, Cham.","0926-5112","N","N","Y"
"FoLLI Publ. Log. Lang. Inf.","FoLLI Publications on Logic, Language and Information","","Springer, Berlin.","","N","N","Y"
"Fond. CIME/CIME Found. Subser.","Fondazione CIME/CIME Foundation Subseries","","Fondazione C.I.M.E., Florence.","","N","N","Y"
"Form. Asp. Comput.","Formal Aspects of Computing","","","0934-5043","N","N","N"
"Fortschr. Phys.","Fortschritte der Physik. Progress of Physics","","Wiley-VCH Verlag, Berlin.","0015-8208","N","N","N"
"Forum Interdiscip. Math.","Forum for Interdisciplinary Mathematics","","Springer, Cham.","2364-6748","N","N","Y"
"Forum Math.","Forum Mathematicum","","De Gruyter, Berlin.","0933-7741","N","Y","N"
"Forum Math. Pi","Forum of Mathematics. Pi","","Cambridge Univ. Press, Cambridge.","","N","Y","N"
"Forum Math. Sigma","Forum of Mathematics. Sigma","","Cambridge Univ. Press, Cambridge.","","N","Y","N"
"Found. Comput. Math.","Foundations of Computational Mathematics. The Journal of the Society for the Foundations of Computational Mathematics","","Springer, New York.","1615-3375","N","Y","N"
"Found. Data Sci.","Foundations of Data Science","","Am. Inst. Math. Sci. (AIMS), Springfield, MO.","","N","N","N"
"Found. Eng. Mech.","Foundations of Engineering Mechanics","","Springer, Cham.","1612-1384","N","N","Y"
"Found. Phys.","Foundations of Physics. An International Journal Devoted to the Conceptual Bases and Fundamental Theories of Modern Physics","","Springer, New York.","0015-9018","N","N","N"
"Found. Signal. Process. Commun. Netw.","Foundations in Signal Processing, Communications and Networking","","Springer, Cham.","1863-8538","N","N","Y"
"Found. Trends Signal Process.","Foundations and Trends${}^\circledR$ in Signal Processing","","Now Publ. Inc., Hanover, MA.","1932-8346","N","N","N"
"Found. Trends Theor. Comput. Sci.","Foundations and Trends${}^\circledR$ in Theoretical Computer Science","","Now Publ. Inc., Hanover, MA.","1551-305X","N","N","N"
"Found. Undergrad. Res. Math.","Foundations for Undergraduate Research in Mathematics","","Birkhauser/Springer, Cham.","2520-1212","N","N","Y"
"Fractals Dyn. Math. Sci. Arts Theory Appl.","Fractals and Dynamics in Mathematics, Science, and the Arts: Theory and Applications","","World Sci. Publ., Hackensack, NJ.","2382-6320","N","N","Y"
"Fract. Calc. Appl. Anal.","Fractional Calculus and Applied Analysis. An International Journal for Theory and Applications","","Springer, Berlin.","1311-0454","N","Y","N"
"Fract. Calc. Appl. Sci. Eng.","Fractional Calculus in Applied Sciences and Engineering","","De Gruyter, Berlin.","2509-7210","N","N","Y"
"Fract. Differ. Calc.","Fractional Differential Calculus","","ELEMENT, Zagreb.","","N","Y","N"
"Front. Appl. Dyn. Syst. Rev. Tutor.","Frontiers in Applied Dynamical Systems: Reviews and Tutorials","","Springer, Cham.","2364-4532","N","N","Y"
"Front. Coll.","The Frontiers Collection","","Springer, Cham.","1612-3018","N","N","Y"
"Front. Elliptic Parabol. Probl.","Frontiers in Elliptic and Parabolic Problems","","Birkhauser/Springer, Cham.","2730-549X","N","N","Y"
"Front. Hist. Sci.","Frontiers in the History of Science","","Birkhauser/Springer, Cham.","2662-2564","N","N","Y"
"Front. Math.","Frontiers in Mathematics","","Birkhauser/Springer, Cham.","1660-8046","N","N","Y"
"Front. Math.","Frontiers of Mathematics","","Springer, Berlin.","2731-8648","N","Y","N"
"Front. Math. Finance","Frontiers of Mathematical Finance","","Am. Inst. Math. Sci. (AIMS), Springfield, MO.","","N","N","N"
"Front. Probab. Stat. Sci.","Frontiers in Probability and the Statistical Sciences","","Springer, Cham.","","N","N","Y"
"Front. Res. Comput. Mech. Mater. Biol.","Frontier Research in Computation and Mechanics of Materials and Biology","","World Sci. Publ., Hackensack, NJ.","2315-4713","N","N","Y"
"Front. Stat. Qual. Control","Frontiers in Statistical Quality Control","","Springer, Cham.","2698-2706","N","N","Y"
"Front. Theor. Phys.","Frontiers in Theoretical Physics","","Int. Press, Somerville, MA.","","N","N","Y"
"Funct. Anal. Appl.","Functional Analysis and its Applications","","Springer, New York.","0016-2663","N","N","N"
"Funct. Anal. Approx. Comput.","Functional Analysis, Approximation and Computation","","Univ. Nis, Fac. Sci. Math., Nis.","1821-410X","N","Y","N"
"Funct. Approx. Comment. Math.","Uniwersytet im. Adama Mickiewicza w Poznaniu. Wydzial Matematyki i Informatyki. Functiones et Approximatio Commentarii Mathematici","","Mickiewicz Univ. Press, Poznan.","0208-6573","N","Y","N"
"Funct. Differ. Equ.","Functional Differential Equations","","Ariel Univ. Cent. Samaria, Ariel.","0793-1786","N","Y","N"
"Fundam. Algorithms","Fundamentals of Algorithms","","SIAM, Philadelphia, PA.","","N","N","Y"
"Fundam. Prikl. Mat.","Fundamentalnaya i Prikladnaya Matematika","","Moskov. Gos. Univ. Tsentr. Nov. Inform. Tekh., Moscow.","1560-5159","N","Y","N"
"Fundam. Theor. Phys.","Fundamental Theories of Physics","","Springer, Cham.","0168-1222","N","N","Y"
"Fund. Inform.","Fundamenta Informaticae","","","0169-2968","N","Y","N"
"Fund. Math.","Fundamenta Mathematicae","","Inst. Math., Polish Acad. Sci., Warsaw.","0016-2736","N","Y","N"
"Funkcial. Ekvac.","Funkcialaj Ekvacioj. Serio Internacia","","Math. Soc. Japan, Kobe.","0532-8721","N","Y","N"
"Funktsional. Anal. i Prilozhen.","Funktsionalnyi Analiz i ego Prilozheniya","","Ross. Akad. Nauk, Inst. Mat. im. Steklova (MIAN), Moscow.","0374-1990","N","Y","N"
"Future Bus. Finance","Future of Business and Finance","","Springer, Cham.","2662-2467","Y","N","Y"
"Fuzzy Manag. Methods","Fuzzy Management Methods","","Springer, Cham.","2196-4130","Y","N","Y"
"Fuzzy Optim. Decis. Mak.","Fuzzy Optimization and Decision Making. A Journal of Modeling and Computation Under Uncertainty","","Springer, Dordrecht.","1568-4539","N","N","N"
"Fuzzy Sets and Systems","Fuzzy Sets and Systems. An International Journal in Information Science and Engineering","","Elsevier B. V., Amsterdam.","0165-0114","N","N","N"
"Gac. R. Soc. Mat. Esp.","La Gaceta de la Real Sociedad Matematica Espanola","","R. Soc. Mat. Esp., Madrid.","1138-8927","N","N","N"
"GAKUTO Internat. Ser. Math. Sci. Appl.","GAKUTO International Series. Mathematical Sciences and Applications","","Gakkotosho, Tokyo.","","N","N","Y"
"Games","Games","","MDPI, Basel.","","N","N","N"
"Games Econom. Behav.","Games and Economic Behavior","","Elsevier, Inc., Amsterdam.","0899-8256","N","N","N"
"GAMM-Mitt.","GAMM-Mitteilungen","","WILEY-VCH, Weinheim.","0936-7195","N","N","N"
"Ganit","Ganit. Journal of Bangladesh Mathematical Society","","Bangladesh Math. Soc., Dhaka.","1606-3694","N","N","N"
"Ganita","Ganita. A Journal devoted to Mathematical Sciences","","Bharata Ganita Parisad, Dept. Math. Astron., Lucknow Univ., Lucknow.","","N","N","N"
"Ganita Bharati","Ganita Bharati. Bulletin of the Indian Society for History of Mathematics","","Prints Publ. Pvt., Ltd., New Delhi.","0970-0307","N","Y","N"
"Gaodeng Xuexiao Jisuan Shuxue Xuebao","","","","","Y","N","N"
"Gaz. Math.","Gazette des Mathematiciens","","Soc. Math. France, Paris.","0224-8999","N","N","N"
"Gd. Voix Rech.","Les Grandes Voix de la Recherche","","CNRS Ed., Paris.","","N","N","Y"
"GEM Int. J. Geomath.","GEM. International Journal on Geomathematics","","Springer, Berlin.","1869-2672","N","N","N"
"Gen. Relativity Gravitation","General Relativity and Gravitation","","Springer, New York.","0001-7701","N","N","N"
"Geombinatorics","Geombinatorics","","Center Excell. Math. Ed., Colorado Springs, CO.","1065-7371","N","N","N"
"Geom. Dedicata","Geometriae Dedicata","","Springer, Dordrecht.","0046-5755","N","Y","N"
"Geom. Funct. Anal.","Geometric and Functional Analysis","","Birkhauser Verlag, Basel.","1016-443X","N","Y","N"
"Geom. Integrability Quantization","Geometry, Integrability and Quantization","","Bulgar. Acad. Sci., Inst. Nucl. Res. and Nucl. Energy, Sofia.","1314-3247","N","N","Y"
"Geom. Topol.","Geometry & Topology","","Math. Sci. Publ., Berkeley, CA.","1465-3060","N","Y","N"
"Geophys. Astrophys. Fluid Dyn.","Geophysical and Astrophysical Fluid Dynamics","","Taylor & Francis, Abingdon.","0309-1929","N","N","N"
"GeoPlanet Earth Planet. Sci.","GeoPlanet: Earth and Planetary Sciences","","Springer, Cham.","2190-5193","N","N","Y"
"Georgian Math. J.","Georgian Mathematical Journal","","De Gruyter, Berlin.","1072-947X","N","Y","N"
"Glasg. Math. J.","Glasgow Mathematical Journal","","Cambridge Univ. Press, Cambridge.","0017-0895","N","Y","N"
"Glas. Mat. Ser. III","Glasnik Matematicki. Serija III","","Croatian Math. Soc., Zagreb.","0017-095X","N","Y","N"
"Glob. J. Adv. Res. Class. Mod. Geom.","Global Journal of Advanced Research on Classical and Modern Geometries","","Glob. J. Adv. Res. Class. Mod. Geom., Cluj-Napoca.","","N","N","N"
"God. Sofii. Univ. ``Sv. Kliment Okhridski." Fac. Mat. Inform.","Godishnik na Sofiiskiya Universitet ``Sv. Kliment Okhridski''. Fakultet po Matematika i Informatika. Annual of Sofia University ``St. Kliment Ohridski". Faculty of Mathematics and Informatics","","Univ. Izdat. ``Sv. Kliment Okhridski'', Sofia.","1313-9215","N","N","N"
"Gongcheng Shuxue Xuebao","Gongcheng Shuxue Xuebao. Chinese Journal of Engineering Mathematics","","Chinese J. Engrg. Math., Editor. Dept., Xi'an.","1005-3085","N","N","N"
"Grad. J. Math.","The Graduate Journal of Mathematics","","Mediterr. Inst. Math. Sci., Tunis.","","N","N","N"
"Grad. Stud. Math.","Graduate Studies in Mathematics","","Amer. Math. Soc., Providence, RI.","1065-7339","N","N","Y"
"Grad. Texts in Math.","Graduate Texts in Mathematics","","Springer, Cham.","0072-5285","N","N","Y"
"Grad. Texts Phys.","Graduate Texts in Physics","","Springer, Cham.","1868-4521","N","N","Y"
"Graphs Combin.","Graphs and Combinatorics","","Springer, Tokyo.","0911-0119","N","Y","N"
"Gravit. Cosmol.","Gravitation and Cosmology","","Pleiades Publishing, Ltd., Road Town.","0202-2893","N","N","N"
"Great Think. Econ.","Great Thinkers in Economics","","Palgrave Macmillan, Cham.","2662-6276","Y","N","Y"
"Groups Geom. Dyn.","Groups, Geometry, and Dynamics","","EMS Press, Berlin.","1661-7207","N","Y","N"
"Grundlehren Math. Wiss.","Grundlehren der mathematischen Wissenschaften","Fundamental Principles of Mathematical Sciences","Springer, Cham.","0072-7830","N","N","Y"
"Grundlehren Text Ed.","Grundlehren Text Editions","","Springer, Berlin.","1618-1685","N","N","Y"
"Gulf J. Math.","Gulf Journal of Mathematics","","Vertex Acad. Press, Dubai.","","N","N","N"
"Hacet. J. Math. Stat.","Hacettepe Journal of Mathematics and Statistics","","Hacettepe Univ., Ankara.","1303-5010","N","N","N"
"Handb. Numer. Anal.","Handbook of Numerical Analysis","","Elsevier/North-Holland, Amsterdam.","1570-8659","N","N","Y"
"Handbook of Statist.","Handbook of Statistics","","Elsevier/North-Holland, Amsterdam.","0169-7161","N","N","Y"
"Handbooks in Econom.","Handbooks in Economics","","Elsevier/North-Holland, Amsterdam.","0169-7218","N","N","Y"
"Handb. Philos. Log.","Handbook of Philosophical Logic","","Springer, Dordrecht.","","N","N","Y"
"Hardy-Ramanujan J.","Hardy-Ramanujan Journal","","K. Ramachandra, Hardy-Ramanujan Soc., Bangalore.","2804-7370","N","Y","N"
"Harv. Univ. Cent. Math. Sci. Appl. Ser. Math.","Harvard University Center of Mathematical Sciences and Applications (CMSA) Series in Mathematics","","Int. Press, Somerville, MA.","","N","N","Y"
"Heat Mass Transf.","Heat and Mass Transfer","","Springer, Heidelberg.","1860-4846","N","N","Y"
"Hefei Gongye Daxue Xuebao Ziran Kexue Ban","","","","","Y","N","N"
"Herit. Eur. Math.","Heritage of European Mathematics","","Eur. Math. Soc., Zurich.","2523-5214","N","N","Y"
"High. Struct.","Higher Structures","","Czech. Acad. Sci., Prague.","","N","N","N"
"Hiroshima Math. J.","Hiroshima Mathematical Journal","","Hiroshima Univ. Grad. Sch. Sci., Dep. Math., Hiroshima.","0018-2079","N","Y","N"
"Hist. Anal. Philos.","History of Analytic Philosophy","","Palgrave Macmillan, New York.","2634-6001","N","N","Y"
"Hist.-Anal. Stud. Nat. Mind Action","Historical-Analytical Studies on Nature, Mind and Action","","Springer, Cham.","2509-4793","Y","N","Y"
"Hist. Chem.","History of Chemistry","","Springer, Cham.","2212-991X","Y","N","Y"
"Hist. Cult. Astron.","Historical & Cultural Astronomy","","Springer, Cham.","2509-310X","Y","N","Y"
"Hist. Math.","History of Mathematics","","Amer. Math. Soc., Providence, RI.","0899-2428","N","N","Y"
"Hist. Math. Educ.","History of Mathematics Education","","Springer, Cham.","2509-9736","N","N","Y"
"Hist. Math. Subser.","History of Mathematics Subseries","","Springer, Heidelberg.","2193-1771","N","N","Y"
"Hist. Mech. Mach. Sci.","History of Mechanism and Machine Science","","Springer, Cham.","1875-3442","N","N","Y"
"Historia Math.","Historia Mathematica","","Elsevier B. V., Amsterdam.","0315-0860","N","Y","N"
"Hist. Philos. Logic","History and Philosophy of Logic","","Taylor & Francis, Abingdon.","0144-5340","N","N","N"
"Hist. Philos. Sci. (Paris)","Histoire et Philosophie des Sciences (Paris)","History and Philosophy of Sciences (Paris)","Classiques Garnier, Paris.","2117-3508","N","N","Y"
"Hist. Phys.","History of Physics","","Springer, Cham.","2730-7549","N","N","Y"
"Hist. Sci. Tech. China","History of Science and Technology in China","","Springer, Singapore.","2730-910X","N","N","Y"
"Hokkaido Math. J.","Hokkaido Mathematical Journal","","Hokkaido Univ., Sapporo.","0385-4035","N","Y","N"
"Homology Homotopy Appl.","Homology, Homotopy and Applications","","Int. Press, Somerville, MA.","1532-0073","N","Y","N"
"Honam Math. J.","Honam Mathematical Journal","","Honam Math. Soc., Gwangju.","1225-293X","N","N","N"
"Houston J. Math.","Houston Journal of Mathematics","","Houston J. Math., Houston, TX.","0362-1588","N","Y","N"
"Huadong Shifan Daxue Xuebao Ziran Kexue Ban","","","","","Y","N","N"
"Hum. Perspect. Health Sci. Tech.","Human Perspectives in Health Sciences and Technology","","Springer, Cham.","2661-8915","N","N","Y"
"Hunan Shifan Daxue Ziran Kexue Ban","","","","","Y","N","N"
"IAS/Park City Math. Ser.","IAS/Park City Mathematics Series","","Amer. Math. Soc., Providence, RI.","1079-5634","N","N","Y"
"IAS/Park City Math. Subser.","IAS/Park City Mathematical Subseries","","Amer. Math. Soc., Providence, RI.","","N","N","Y"
"ICCM Not.","ICCM Notices. Notices of the International Consortium of Chinese Mathematicians","","Int. Press, Somerville, MA.","2326-4810","N","N","N"
"ICIAM 2019 SEMA SIMAI Springer Ser.","ICIAM 2019 SEMA SIMAI Springer Series","","Springer, Cham.","2662-7183","N","N","Y"
"ICIAM2023 Springer Ser.","ICIAM2023 Springer Series","","Springer, Singapore.","3091-3098","Y","N","Y"
"ICME-13 Monogr.","ICME-13 Monographs","","Springer, Cham.","2520-8322","Y","N","Y"
"IEEE Control Syst.","IEEE Control Systems","","IEEE, New York.","1066-033X","N","N","N"
"IEEE Control Syst. Lett.","IEEE Control Systems Letters","","IEEE, Piscataway, NJ.","","N","N","N"
"IEEE Trans. Automat. Control","Institute of Electrical and Electronics Engineers. Transactions on Automatic Control","","IEEE, Piscataway, NJ.","0018-9286","N","Y","N"
"IEEE Trans. Comput. Imaging","IEEE Transactions on Computational Imaging","","IEEE, New York.","2573-0436","N","N","N"
"IEEE Trans. Control Netw. Syst.","IEEE Transactions on Control of Network Systems","","IEEE, New York.","","N","Y","N"
"IEEE Trans. Inform. Theory","Institute of Electrical and Electronics Engineers. Transactions on Information Theory","","IEEE, Piscataway, NJ.","0018-9448","N","Y","N"
"IEEE Trans. Network Sci. Eng.","IEEE Transactions on Network Science and Engineering","","IEEE Computer Soc., Los Alamitos, CA.","","N","N","N"
"IEEE Trans. Neural Netw. Learn. Syst.","IEEE Transactions on Neural Networks and Learning Systems","","IEEE, New York.","2162-237X","N","N","N"
"IEEE Trans. Signal Inform. Process. Netw.","IEEE Transactions on Signal and Information Processing over Networks","","IEEE, New York.","","N","N","N"
"IEEE Trans. Signal Process.","IEEE Transactions on Signal Processing","","IEEE, Piscataway, NJ.","1053-587X","N","N","N"
"IET Control Theory Appl.","IET Control Theory & Applications","","Inst. Eng. Tech. (IET), Stevenage.","1751-8644","N","N","N"
"IFAC J. Syst. Control","IFAC Journal of Systems and Control","","Elsevier, Amsterdam.","","N","N","N"
"IFAC-PapersOnLine","IFAC-PapersOnLine","","Elsevier B. V., Amsterdam.","2405-8963","N","N","N"
"IFIP Adv. Inf. Commun. Technol.","IFIP Advances in Information and Communication Technology","","Springer, Berlin.","1868-4238","N","N","Y"
"Illinois J. Math.","Illinois Journal of Mathematics","","Duke Univ. Press, Durham, NC.","0019-2082","N","Y","N"
"IMA J. Appl. Math.","IMA Journal of Applied Mathematics","","Oxford Univ. Press, Oxford.","0272-4960","N","Y","N"
"IMA J. Manag. Math.","IMA Journal of Management Mathematics","","Oxford Univ. Press, Oxford.","1471-678X","N","N","N"
"IMA J. Math. Control Inform.","IMA Journal of Mathematical Control and Information","","Oxford Univ. Press, Oxford.","0265-0754","N","Y","N"
"IMA J. Numer. Anal.","IMA Journal of Numerical Analysis","","Oxford Univ. Press, Oxford.","0272-4979","N","Y","N"
"IMA Vol. Math. Appl.","The IMA Volumes in Mathematics and its Applications","","Springer, Cham.","0940-6573","N","N","Y"
"IMPA Monogr.","IMPA Monographs","","Springer, Cham.","","N","N","Y"
"IMPAN Lect. Notes","IMPAN Lecture Notes","","Polish Acad. Sci. Inst. Math., Warsaw.","2353-6578","N","N","Y"
"IMS Textb.","Institute of Mathematical Statistics Textbooks","","Cambridge Univ. Press, Cambridge.","","N","N","Y"
"Indag. Math. (N.S.)","Koninklijke Nederlandse Akademie van Wetenschappen. Indagationes Mathematicae. New Series","","Elsevier Sci. B. V., Amsterdam.","0019-3577","N","Y","N"
"Ind. Appl. Math.","Industrial and Applied Mathematics","","Springer, Singapore.","2364-6845","N","N","Y"
"Indiana Univ. Math. J.","Indiana University Mathematics Journal","","Indiana Univ., Bloomington, IN.","0022-2518","N","Y","N"
"Indian J. Discrete Math.","Indian Journal of Discrete Mathematics","","Acad. Discret. Math. Appl., Mysore.","","N","N","N"
"Indian J. Hist. Sci.","Indian Journal of History of Science","","Indian Nat. Sci. Acad., New Delhi.","","N","N","N"
"Indian J. Math.","Indian Journal of Mathematics","","Allahabad Math. Soc., Allahabad.","0019-5324","N","Y","N"
"Indian J. Pure Appl. Math.","Indian Journal of Pure and Applied Mathematics","","Indian Nat. Sci. Acad., New Delhi.","0019-5588","N","N","N"
"Indian Stat. Inst. Ser.","Indian Statistical Institute Series","","Springer, Singapore.","2523-3114","N","N","Y"
"Inf. Geom.","Information Geometry","","Springer, Singapore.","2511-2481","N","N","N"
"Infin. Dimens. Anal. Quantum Probab. Relat. Top.","Infinite Dimensional Analysis, Quantum Probability and Related Topics","","World Sci. Publ., Singapore.","0219-0257","N","Y","N"
"Inf. Inference","Information and Inference. A Journal of the IMA","","Oxford Univ. Press, Oxford.","2049-8764","N","Y","N"
"INFOR Inf. Syst. Oper. Res.","INFOR. Information Systems and Operational Research","","Canad. Oper. Res. Soc., Ottawa, ON.","0315-5986","N","N","N"
"Inform. and Comput.","Information and Computation","","Elsevier, Inc., Amsterdam.","0890-5401","N","Y","N"
"Informatica (Vilnius)","Informatica (Vilnius)","","Vilnius University, Institute of Data Science and Digital Technologies, Vilnius.","0868-4952","N","N","N"
"Inform. Process. Lett.","Information Processing Letters","","Elsevier, Amsterdam.","0020-0190","N","Y","N"
"INFORMS J. Comput.","INFORMS Journal on Computing","","INFORMS, Catonsville, MD.","1091-9856","N","N","N"
"INFORMS J. Optim.","INFORMS Journal on Optimization","","INFORMS, Catonsville, MD.","2575-1484","N","N","N"
"Infosys Sci. Found. Ser.","Infosys Science Foundation Series","","Springer, New Delhi.","2363-6149","N","N","Y"
"Infosys Sci. Found. Ser. Math. Sci.","Infosys Science Foundation Series in Mathematical Sciences","","Springer, New Delhi.","2364-4044","N","N","Y"
"Inf. Secur. Cryptography","Information Security and Cryptography","","Springer, Cham.","2197-845X","N","N","Y"
"Innov. Graph Theory","Innovations in Graph Theory","","Sticht. Innovations Graph Theory, Utrecht.","","N","Y","N"
"Innov. Incidence Geom.","Innovations in Incidence Geometry. Algebraic, Topological and Combinatorial","","Math. Sci. Publ., Berkeley, CA.","2640-7337","N","Y","N"
"Inst. Math. Stat. Monogr.","Institute of Mathematical Statistics (IMS) Monographs","","Cambridge Univ. Press, Cambridge.","","N","N","Y"
"Insurance Math. Econom.","Insurance: Mathematics & Economics","","Elsevier Sci. B. V., Amsterdam.","0167-6687","N","N","N"
"Int. Arch. Hist. Ideas","International Archives of the History of Ideas/Archives internationales d'histoire des idees","","Springer, Cham.","0066-6610","Y","N","Y"
"Integers","Integers. Electronic Journal of Combinatorial Number Theory","","Integers, Carrollton, GA.","","N","Y","N"
"Integral Equations Operator Theory","Integral Equations and Operator Theory","","Birkhauser Verlag, Basel.","0378-620X","N","Y","N"
"Integral Transforms Spec. Funct.","Integral Transforms and Special Functions. An International Journal","","Taylor & Francis, Abingdon.","1065-2469","N","Y","N"
"Int. Electron. J. Algebra","International Electronic Journal of Algebra","","Int. Electron. J. Algebra, Ankara.","","N","Y","N"
"Int. Electron. J. Geom.","International Electronic Journal of Geometry","","International Electronic Journal of Geometry, Kirikkale.","","N","N","N"
"Intell. Control Learn. Syst.","Intelligent Control and Learning Systems","","Springer, Singapore.","2662-5458","N","N","Y"
"Intell. Percept. Inf. Process.","Intelligent Perception and Information Processing","","Springer, Singapore.","3059-3808","Y","N","Y"
"Intell. Syst. Control Autom. Sci. Eng.","Intelligent Systems, Control and Automation: Science and Engineering","","Springer, Cham.","2213-8986","N","N","Y"
"Intell. Syst. Ref. Libr.","Intelligent Systems Reference Library","","Springer, Cham.","1868-4394","N","N","Y"
"Interdiscip. Appl. Math.","Interdisciplinary Applied Mathematics","","Springer, Cham.","0939-6047","N","N","Y"
"Interdiscip. Contrib. Archaeol.","Interdisciplinary Contributions to Archaeology","","Springer, Cham.","1568-2722","Y","N","Y"
"Interdiscip. Inform. Sci.","Interdisciplinary Information Sciences","","Tohoku Univ., Sendai.","1340-9050","N","N","N"
"Interdiscip. Math. Sci.","Interdisciplinary Mathematical Sciences","","World Sci. Publ., Hackensack, NJ.","1793-1355","N","N","Y"
"Interfaces Free Bound.","Interfaces and Free Boundaries. Mathematical Analysis, Computation and Applications","","EMS Press, Berlin.","1463-9963","N","Y","N"
"Internat. Appl. Mech.","International Applied Mechanics","","Springer, New York.","1063-7095","N","N","N"
"Internat. Cryogenics Monogr. Ser.","The International Cryogenics Monograph Series","","Plenum, New York.","","Y","N","Y"
"Internat. Econom. Rev.","International Economic Review","","Univ. Pennsylvania, Philadelphia, PA.","0020-6598","N","N","N"
"Internat. J. Adapt. Control Signal Process.","International Journal of Adaptive Control and Signal Processing","","Wiley, Oxford.","0890-6327","N","N","N"
"Internat. J. Algebra Comput.","International Journal of Algebra and Computation","","World Sci. Publ., Singapore.","0218-1967","N","Y","N"
"Internat. J. Approx. Reason.","International Journal of Approximate Reasoning","","Elsevier Sci. B. V., Amsterdam.","0888-613X","N","N","N"
"Internat. J. Bifur. Chaos Appl. Sci. Engrg.","International Journal of Bifurcation and Chaos in Applied Sciences and Engineering","","World Sci. Publ., Singapore.","0218-1274","N","N","N"
"Internat. J. Comput. Geom. Appl.","International Journal of Computational Geometry & Applications","","World Sci. Publ., Singapore.","0218-1959","N","Y","N"
"Internat. J. Control","International Journal of Control","","Taylor & Francis, Abingdon.","0020-7179","N","N","N"
"Internat. J. Engrg. Sci.","International Journal of Engineering Science","","Elsevier B. V., Amsterdam.","0020-7225","N","N","N"
"Internat. J. Found. Comput. Sci.","International Journal of Foundations of Computer Science","","World Sci. Publ., Singapore.","0129-0541","N","N","N"
"Internat. J. Game Theory","International Journal of Game Theory","","Springer, Heidelberg.","0020-7276","N","N","N"
"Internat. J. Math.","International Journal of Mathematics","","World Sci. Publ., Singapore.","0129-167X","N","Y","N"
"Internat. J. Modern Phys. A","International Journal of Modern Physics A. Particles and Fields. Gravitation. Cosmology. Astrophysics. Accelerator Physics","","World Sci. Publ., Singapore.","0217-751X","N","N","N"
"Internat. J. Modern Phys. D","International Journal of Modern Physics. D. Gravitation, Astrophysics, Cosmology","","World Sci. Publ., Singapore.","0218-2718","N","N","N"
"Internat. J. Numer. Methods Engrg.","International Journal for Numerical Methods in Engineering","","Wiley, Chichester.","0029-5981","N","N","N"
"Internat. J. Numer. Methods Fluids","International Journal for Numerical Methods in Fluids","","Wiley, Oxford.","0271-2091","N","N","N"
"Internat. J. Robust Nonlinear Control","International Journal of Robust and Nonlinear Control","","","1049-8923","N","N","N"
"Internat. J. Systems Sci.","International Journal of Systems Science. Principles and Applications of Systems and Integration","","Taylor & Francis, Abingdon.","0020-7721","N","N","N"
"Internat. J. Theoret. Phys.","International Journal of Theoretical Physics","","Springer, New York.","0020-7748","N","N","N"
"Internat. J. Uncertain. Fuzziness Knowledge-Based Systems","International Journal of Uncertainty, Fuzziness and Knowledge-Based Systems","","World Sci. Publ., Singapore.","0218-4885","N","N","N"
"Internat. Ser. Numer. Math.","International Series of Numerical Mathematics","","Birkhauser/Springer, Cham.","0373-3149","N","N","Y"
"Internat. Ser. Oper. Res. Management Sci.","International Series in Operations Research & Management Science","","Springer, Cham.","0884-8289","N","N","Y"
"Int. Game Theory Rev.","International Game Theory Review","","World Sci. Publ., Singapore.","0219-1989","N","N","N"
"Int. J. Adv. Eng. Sci. Appl. Math.","International Journal of Advances in Engineering Sciences and Applied Mathematics","","Springer India, New Delhi.","0975-0770","N","N","N"
"Int. J. Appl. Comput. Math.","International Journal of Applied and Computational Mathematics","","Springer, New Delhi.","2349-5103","N","N","N"
"Int. J. Appl. Cryptogr.","International Journal of Applied Cryptography. IJACT","","Indersci. Enterp. Ltd., Geneva.","1753-0563","N","N","N"
"Int. J. Appl. Math. Comput. Sci.","International Journal of Applied Mathematics and Computer Science","","Univ. Zielona Gora, Zielona Gora.","1641-876X","N","N","N"
"Int. J. Appl. Nonlinear Sci.","International Journal of Applied Nonlinear Science","","Indersci. Enterp. Ltd., Geneva.","1752-2862","N","N","N"
"Int. J. Biomath.","International Journal of Biomathematics","","World Sci. Publ., Singapore.","1793-5245","N","N","N"
"Int. J. Comput. Fluid Dyn.","International Journal of Computational Fluid Dynamics","","Taylor & Francis, Abingdon.","1061-8562","N","N","N"
"Int. J. Comput. Math.","International Journal of Computer Mathematics","","Taylor & Francis, Abingdon.","0020-7160","N","N","N"
"Int. J. Comput. Math. Comput. Syst. Theory","International Journal of Computer Mathematics. Computer Systems Theory","","Taylor & Francis, Abingdon.","2379-9927","N","N","N"
"Int. J. Comput. Methods","International Journal of Computational Methods","","World Sci. Publ., Singapore.","0219-8762","N","N","N"
"Int. J. Comput. Methods Eng. Sci. Mech.","International Journal for Computational Methods in Engineering Science and Mechanics","","Taylor & Francis, Philadelphia, PA.","1550-2287","N","N","N"
"Int. J. Data Sci. Math. Sci.","International Journal of Data Science in Mathematical Sciences","","","2810-9392","N","N","N"
"Int. J. Differ. Equ.","International Journal of Differential Equations","","Wiley, Oxford.","1687-9643","N","N","N"
"Int. J. Dyn. Control","International Journal of Dynamics and Control","","Springer, Berlin.","2195-268X","N","N","N"
"Int. J. Dyn. Syst. Differ. Equ.","International Journal of Dynamical Systems and Differential Equations","","Indersci. Enterp. Ltd., Geneva.","1752-3583","N","Y","N"
"Int. J. Econ. Theory","International Journal of Economic Theory","","Wiley-Blackwell, Oxford.","1742-7355","N","N","N"
"Int. J. Financ. Eng.","International Journal of Financial Engineering","","World Sci. Publ., Singapore.","2424-7863","N","N","N"
"Int. J. Gen. Syst.","International Journal of General Systems","","Taylor & Francis, Abingdon.","0308-1079","N","N","N"
"Int. J. Geom. Methods Mod. Phys.","International Journal of Geometric Methods in Modern Physics","","World Sci. Publ., Singapore.","0219-8878","N","Y","N"
"Int. J. Group Theory","International Journal of Group Theory","","Univ. Isfahan, Isfahan.","2251-7650","N","Y","N"
"Int. J. Inf. Coding Theory","International Journal of Information and Coding Theory. IJICOT","","Indersci. Enterp. Ltd., Geneva.","1753-7703","N","N","N"
"Int. J. Maps Math.","International Journal of Maps in Mathematics","","International Journal of Maps in Mathematics, Bornova.","","N","N","N"
"Int. J. Math. Comput. Sci.","International Journal of Mathematics and Computer Science","","Int. J. Math. Comput. Sci., Hadath.","1814-0424","N","N","N"
"Int. J. Math. Ind.","International Journal of Mathematics for Industry","","World Sci. Publ., Singapore.","2661-3352","N","Y","N"
"Int. J. Math. Math. Sci.","International Journal of Mathematics and Mathematical Sciences","","Wiley, Oxford.","0161-1712","N","N","N"
"Int. J. Math. Oper. Res.","International Journal of Mathematics in Operational Research","","Indersci. Enterp. Ltd., Geneva.","1757-5850","N","N","N"
"Int. J. Number Theory","International Journal of Number Theory","","World Sci. Publ., Singapore.","1793-0421","N","Y","N"
"Int. J. Numer. Anal. Model.","International Journal of Numerical Analysis and Modeling","","Inst. Sci. Comput. Info., Edmonton, AB.","1705-5105","N","Y","N"
"Int. J. Oper. Res.","International Journal of Operational Research","","Indersci. Enterp. Ltd., Geneva.","1745-7645","N","N","N"
"Int. J. Oper. Res. (Taichung)","International Journal of Operations Research","","Oper. Res. Soc. Taiwan (ORSTW), Taichung.","1813-713X","N","N","N"
"Int. J. Optim. Control. Theor. Appl. IJOCTA","An International Journal of Optimization and Control. Theories & Applications. IJOCTA","","ACCScience Publ., Singapore.","2146-0957","N","N","N"
"Int. J. Quantum Inf.","International Journal of Quantum Information","","World Sci. Publishing, Singapore.","0219-7499","N","N","N"
"Int. J. Struct. Stab. Dyn.","International Journal of Structural Stability and Dynamics","","World Sci. Publ., Singapore.","0219-4554","N","N","N"
"Int. J. Theor. Appl. Finance","International Journal of Theoretical and Applied Finance","","World Sci. Publ., Singapore.","0219-0249","N","N","N"
"Int. J. Uncertain. Quantif.","International Journal for Uncertainty Quantification","","Begell, Danbury, CT.","2152-5080","N","N","N"
"Int. J. Wavelets Multiresolut. Inf. Process.","International Journal of Wavelets, Multiresolution and Information Processing","","World Sci. Publ., Singapore.","0219-6913","N","N","N"
"Int. Math. Res. Not. IMRN","International Mathematics Research Notices. IMRN","","Oxford Univ. Press, Cary, NC.","1073-7928","N","Y","N"
"Int. Stat. Rev.","International Statistical Review. Revue Internationale de Statistique","","Internat. Statist. Inst., The Hague.","0306-7734","N","N","N"
"Int. Stud. Hist. Math. Teach.","International Studies in the History of Mathematics and its Teaching","","Springer, Cham.","2524-8022","N","N","Y"
"Int. Trans. Oper. Res.","International Transactions in Operational Research","","Wiley-Blackwell, Oxford.","0969-6016","N","N","N"
"Invent. Math.","Inventiones Mathematicae","","Springer, Berlin.","0020-9910","N","Y","N"
"Inventory Optim.","Inventory Optimization","","Springer, Singapore.","2730-9347","Y","N","Y"
"Inverse Ill-posed Probl. Ser.","Inverse and Ill-posed Problems Series","","De Gruyter, Berlin.","1381-4524","N","N","Y"
"Inverse Problems","Inverse Problems. An International Journal on the Theory and Practice of Inverse Problems, Inverse Methods and Computerized Inversion of Data","","Inst. Phys., Bristol.","0266-5611","N","Y","N"
"Inverse Probl. Imaging","Inverse Problems and Imaging","","Am. Inst. Math. Sci. (AIMS), Springfield, MO.","1930-8337","N","Y","N"
"Investigacion Oper.","Investigacion Operacional","","Univ. Habana, Dept. Mat. Apl., Havana.","0257-4306","N","N","N"
"Involve","Involve. A Journal of Mathematics","","Math. Sci. Publ., Berkeley, CA.","1944-4176","N","Y","N"
"Iran. J. Fuzzy Syst.","Iranian Journal of Fuzzy Systems","","Univ. Sistan and Baluchistan, Zahedan.","1735-0654","N","N","N"
"Iran. J. Math. Sci. Inform.","Iranian Journal of Mathematical Sciences and Informatics","","ACECR. Acad. Cent. Educ., Cult. Res., Tehran.","1735-4463","N","N","N"
"Iran. J. Sci.","Iranian Journal of Science","","Springer, Berlin.","2731-8095","N","N","N"
"Irish Math. Soc. Bull.","Irish Mathematical Society Bulletin","","Irish Math. Soc., Maynooth.","","N","N","N"
"IRMA Lect. Math. Theor. Phys.","IRMA Lectures in Mathematics and Theoretical Physics","","Eur. Math. Soc., Zurich.","","N","N","Y"
"Isis","Isis. An International Review Devoted to the History of Science and its Cultural Influences","","Univ. Chicago Press, Chicago, IL.","0021-1753","N","N","N"
"Israel J. Math.","Israel Journal of Mathematics","","Magnes Press, Jerusalem.","0021-2172","N","Y","N"
"Israel Math. Conf. Proc.","Israel Mathematical Conference Proceedings","","Bar-Ilan Univ., Ramat Gan.","","N","N","Y"
"Itogi Nauki Tekh. Ser. Sovrem. Mat. Prilozh. Temat. Obz.","Itogi Nauki i Tekhniki. Seriya Sovremennaya Matematika i ee Prilozheniya. Tematicheskie Obzory","Progress in Science and Technology. Series on Contemporary Mathematics and its Applications. Thematic Surveys","Vseross. Inst. Nauchn. i Tekhn. Inform. (VINITI), Moscow.","2782-4438","N","N","Y"
"IUTAM Bookser.","IUTAM Bookseries","","Springer, Dordrecht.","1875-3507","N","N","Y"
"Izv. Inst. Mat. Inform.","Izvestiya Instituta Matematiki i Informatiki","","Udmurt. Gos. Univ., Izhevsk.","2226-3594","N","N","N"
"Izv. Irkutsk. Gos. Univ. Ser. Mat.","Izvestiya Irkutskogo Gosudarstvennogo Universiteta. Seriya Matematika","","Irkutsk. Gos. Univ., Irkutsk.","1997-7670","N","N","N"
"Izv. Math.","Izvestiya. Mathematics","","Ross. Akad. Nauk, Inst. Mat. im. Steklova (MIAN), Moscow.","1064-5632","N","N","N"
"Izv. Nats. Akad. Nauk Armenii Mat.","Natsionalnaya Akademiya Nauk Armenii. Izvestiya. Matematika","","Idzat. Nats. Akad. Nauk Armen., Erevan.","0002-3043","N","Y","N"
"Izv. Nats. Akad. Nauk Armen. Mekh.","Izvestiya Natsionalnoi Akademii Nauk Armenii. Mekhanika. Proceedings of National Academy of Sciences of Armenia. Mechanics","","Idzat. Nats. Akad. Nauk Armen., Erevan.","0002-3051","N","N","N"
"Izv. Ross. Akad. Nauk Ser. Mat.","Izvestiya Rossiiskoi Akademii Nauk. Seriya Matematicheskaya","","Ross. Akad. Nauk, Inst. Mat. im. Steklova (MIAN), Moscow.","1607-0046","N","Y","N"
"Izv. Sarat. Univ. (N.S.) Ser. Mat. Mekh. Inform.","Izvestiya Saratovskogo Universiteta. Novaya Seriya. Seriya. Matematika. Mekhanika. Informatika","","Saratov. Nats. Issled. Gos. Univ. imeni N. G. Chernyshevskogo, Saratov.","1816-9791","N","N","N"
"Izv. Vyssh. Uchebn. Zaved. Mat.","Izvestiya Vysshikh Uchebnykh Zavedenii. Matematika. Kazanskii Gosudarstvennyi Universitet","","Izdat. Kazan. Gos. Univ., Kazan.","0021-3446","N","Y","N"
"J. ACM","Journal of the ACM","","ACM, New York.","0004-5411","N","Y","N"
"J. Adv. Math. Stud.","Journal of Advanced Mathematical Studies","","Fair Partn. Publ., Bucharest.","2065-3506","N","N","N"
"J. Adv. Stud. Topol.","Journal of Advanced Studies in Topology","","Mod. Sci. Publ., Qena.","2090-8288","N","N","N"
"Jaen J. Approx.","Jaen Journal on Approximation","","Univ. Jaen, Dep. Mat., Jaen.","1889-3066","N","N","N"
"J. Agric. Biol. Environ. Stat.","Journal of Agricultural, Biological, and Environmental Statistics","","Springer, New York.","1085-7117","N","N","N"
"Jahresber. Dtsch. Math.-Ver.","Jahresbericht der Deutschen Mathematiker-Vereinigung","","Springer, Berlin.","0012-0456","N","Y","N"
"J. Algebra","Journal of Algebra","","Elsevier, Inc., Amsterdam.","0021-8693","N","Y","N"
"J. Algebra Appl.","Journal of Algebra and its Applications","","World Sci. Publ., Singapore.","0219-4988","N","Y","N"
"J. Algebra Comb. Discrete Struct. Appl.","Journal of Algebra Combinatorics Discrete Structures and Applications","","J. Algebra Comb. Discrete Struct. Appl., Istanbul.","","N","Y","N"
"J. Algebra Comput. Appl.","Journal of Algebra and Computational Applications","","Ilirias Publ., Pristina.","","N","N","N"
"J. Algebraic Combin.","Journal of Algebraic Combinatorics. An International Journal","","Springer, New York.","0925-9899","N","Y","N"
"J. Algebraic Geom.","Journal of Algebraic Geometry","","Univ. Press, Hong Kong.","1056-3911","N","Y","N"
"J. Algebra Relat. Topics","Journal of Algebra and Related Topics","","Univ. Guilan, Rasht.","2345-3931","N","N","N"
"J. Algebr. Hyperstruct. Log. Algebras","Journal of Algebraic Hyperstructures and Logical Algebras","","Univ. Hatef, Zahedan.","2676-6000","N","N","N"
"J. Algebr. Syst.","Journal of Algebraic Systems","","Shahrood Univ. Technol., Shahroud.","2345-5128","N","N","N"
"J. Amer. Math. Soc.","Journal of the American Mathematical Society","","Amer. Math. Soc., Providence, RI.","0894-0347","N","Y","N"
"J. Amer. Statist. Assoc.","Journal of the American Statistical Association","","Amer. Statist. Assoc., Alexandria, VA.","0162-1459","N","N","N"
"J. Anal.","The Journal of Analysis","","Springer, Singapore.","0971-3611","N","Y","N"
"J. Anal. Math.","Journal d'Analyse Mathematique","","Magnes Press, Jerusalem.","0021-7670","N","Y","N"
"J. Appl. Anal.","Journal of Applied Analysis","","De Gruyter, Berlin.","1425-6908","N","Y","N"
"J. Appl. Anal. Comput.","The Journal of Applied Analysis and Computation","","Wilmington Sci. Publ., Wilmington, NC.","2156-907X","N","N","N"
"J. Appl. Comput. Topol.","Journal of Applied and Computational Topology","","Springer, Berlin.","2367-1726","N","N","N"
"J. Appl. Econometrics","Journal of Applied Econometrics","","Wiley, Chichester.","0883-7252","N","N","N"
"J. Appl. Ind. Math.","Journal of Applied and Industrial Mathematics","","MAIK Nauka/Interperiod. Publ., Moscow.","1990-4789","N","N","N"
"J. Appl. Logics","Journal of Applied Logics. The IfCoLog Journal of Logics and their Applications","","Coll. Publ., [London].","2631-9810","N","N","N"
"J. Appl. Math.","Journal of Applied Mathematics","","Wiley, Oxford.","1110-757X","N","N","N"
"J. Appl. Math. Comput.","Journal of Applied Mathematics and Computing","","Springer, Berlin.","1598-5865","N","N","N"
"J. Appl. Math. Comput. Mech.","Journal of Applied Mathematics and Computational Mechanics","","Wydawnictwo Politechniki Czestochowskiej, Czestochowa.","2299-9965","N","N","N"
"J. Appl. Mech. Tech. Phys.","Journal of Applied Mechanics and Technical Physics","","Pleiades Publishing, Ltd., Road Town.","0021-8944","N","N","N"
"J. Appl. Non-Class. Log.","Journal of Applied Non-Classical Logics","","Taylor & Francis, Abingdon.","1166-3081","N","Y","N"
"J. Appl. Nonlinear Dyn.","Journal of Applied Nonlinear Dynamics","","L & H Scientific Publishing, Glen Carbon, IL.","2164-6457","N","N","N"
"J. Appl. Numer. Optim.","Journal of Applied and Numerical Optimization","","","2562-5527","N","N","N"
"J. Appl. Probab.","Journal of Applied Probability","","Appl. Probab. Trust, Sheffield.","0021-9002","N","Y","N"
"J. Appl. Stat.","Journal of Applied Statistics","","Taylor & Francis, Abingdon.","0266-4763","N","N","N"
"J. Approx. Theory","Journal of Approximation Theory","","Elsevier B. V., Amsterdam.","0021-9045","N","Y","N"
"J. Artificial Intelligence Res.","Journal of Artificial Intelligence Research","","AI Access Found., El Segundo, CA.","1076-9757","N","N","N"
"J. Assoc. Math. Res.","Journal of the Association for Mathematical Research","","Assoc. Math. Res., Davis, CA.","2998-4114","N","Y","N"
"J. Aust. Math. Soc.","Journal of the Australian Mathematical Society","","Cambridge Univ. Press, Cambridge.","1446-7887","N","Y","N"
"J. Automat. Reason.","Journal of Automated Reasoning","","Springer, Dordrecht.","0168-7433","N","N","N"
"J. Autom. Lang. Comb.","Journal of Automata, Languages and Combinatorics","","Justus-Liebig-Univ. Giessen, Inst. Inform., Giessen.","1430-189X","N","N","N"
"J. Beijing Normal Univ. (Natur. Sci.)","","","","","Y","N","N"
"J. Biol. Dyn.","Journal of Biological Dynamics","","Taylor & Francis, Abingdon.","1751-3758","N","N","N"
"J. Biol. Systems","Journal of Biological Systems","","World Sci. Publishing, Singapore.","0218-3390","N","N","N"
"J. Bus. Econom. Statist.","Journal of Business & Economic Statistics","","Taylor & Francis, Abingdon.","0735-0015","N","N","N"
"J. Causal Inference","Journal of Causal Inference","","De Gruyter, Berlin.","2193-3677","N","N","N"
"J. Cell. Autom.","Journal of Cellular Automata","","Old City Publ., Philadelphia, PA.","1557-5969","N","N","N"
"J. Cent. China Norm. Univ. Nat. Sci.","Journal of Central China Normal University. Natural Sciences","","J. Central China Normal Univ., Editor. Dept., Wuchang.","1000-1190","N","N","N"
"J. Chungcheong Math. Soc.","Journal of the Chungcheong Mathematical Society","","Chungcheong Mathematical Society, Daejeon.","1226-3524","N","N","N"
"J. Class. Anal.","Journal of Classical Analysis","","ELEMENT, Zagreb.","1848-5979","N","Y","N"
"J. Classification","Journal of Classification","","Springer, New York.","0176-4268","N","N","N"
"J. Comb.","Journal of Combinatorics","","Int. Press, Somerville, MA.","2156-3527","N","Y","N"
"J. Comb. Algebra","Journal of Combinatorial Algebra","","EMS Press, Berlin.","2415-6302","N","Y","N"
"J. Combin. Des.","Journal of Combinatorial Designs","","Wiley, Hoboken, NJ.","1063-8539","N","Y","N"
"J. Combin. Math. Combin. Comput.","Journal of Combinatorial Mathematics and Combinatorial Computing","","Comb. Press, Winnipeg, MB.","0835-3026","N","N","N"
"J. Combin. Theory Ser. A","Journal of Combinatorial Theory. Series A","","Elsevier, Inc., Amsterdam.","0097-3165","N","Y","N"
"J. Combin. Theory Ser. B","Journal of Combinatorial Theory. Series B","","Elsevier, Inc., Amsterdam.","0095-8956","N","Y","N"
"J. Comb. Optim.","Journal of Combinatorial Optimization","","Springer, New York.","1382-6905","N","Y","N"
"J. Commut. Algebra","Journal of Commutative Algebra","","Rocky Mountain Math. Consortium, Phoenix, AZ.","1939-0807","N","Y","N"
"J. Complexity","Journal of Complexity","","Elsevier, Inc., San Diego, CA.","0885-064X","N","Y","N"
"J. Complex Netw.","Journal of Complex Networks","","Oxford Univ. Press, Oxford.","2051-1310","N","N","N"
"J. Comput. Algebra","Journal of Computational Algebra","","","","N","N","N"
"J. Comput. Appl. Math.","Journal of Computational and Applied Mathematics","","Elsevier Sci. B. V., Amsterdam.","0377-0427","N","Y","N"
"J. Comput. Biol.","Journal of Computational Biology","","Liebert, New Rochelle, NY.","1066-5277","N","N","N"
"J. Comput. Dyn.","Journal of Computational Dynamics","","Am. Inst. Math. Sci. (AIMS), Springfield, MO.","2158-2491","N","N","N"
"J. Comput. Geom.","Journal of Computational Geometry","","Carleton Univ., Comput. Geom. Lab, Ottawa, ON.","","N","N","N"
"J. Comput. Graph. Statist.","Journal of Computational and Graphical Statistics","","Amer. Statist. Assoc., Alexandria, VA.","1061-8600","N","N","N"
"J. Comput. Math.","Journal of Computational Mathematics","","Chinese Acad. Sci.. Acad. Math. Syst. Sci., Beijing.","0254-9409","N","Y","N"
"J. Comput. Neurosci.","Journal of Computational Neuroscience","","Springer, New York.","0929-5313","N","N","N"
"J. Comput. Phys.","Journal of Computational Physics","","Elsevier, Amsterdam.","0021-9991","N","N","N"
"J. Comput. System Sci.","Journal of Computer and System Sciences","","Elsevier, Inc., Amsterdam.","0022-0000","N","Y","N"
"J. Comput. Syst. Sci. Int.","Journal of Computer and Systems Sciences International","","Pleiades Publishing, Ltd., Road Town.","1064-2307","N","N","N"
"J. Comput. Theor. Transp.","Journal of Computational and Theoretical Transport","","Taylor & Francis, Abingdon.","2332-4309","N","N","N"
"J. Contemp. Math. Anal.","Journal of Contemporary Mathematical Analysis. Armenian Academy of Sciences","","Allerton Press, New York.","1068-3623","N","N","N"
"J. Control Decis.","Journal of Control and Decision","","Taylor & Francis, Abingdon.","2330-7706","N","N","N"
"J. Convex Anal.","Journal of Convex Analysis","","Heldermann, Lemgo.","0944-6532","N","Y","N"
"J. Cosmol. Astropart. Phys.","Journal of Cosmology and Astroparticle Physics","","Inst. Phys., Bristol.","","N","N","N"
"J. Cryptology","Journal of Cryptology. The Journal of the International Association for Cryptologic Research","","Springer, New York.","0933-2790","N","N","N"
"J. Difference Equ. Appl.","Journal of Difference Equations and Applications","","Taylor & Francis, Abingdon.","1023-6198","N","Y","N"
"J. Differential Equations","Journal of Differential Equations","","Elsevier B. V., Amsterdam.","0022-0396","N","Y","N"
"J. Differential Geom.","Journal of Differential Geometry","","Lehigh Univ., Bethlehem, PA.","0022-040X","N","Y","N"
"J. Dynam. Differential Equations","Journal of Dynamics and Differential Equations","","Springer, New York.","1040-7294","N","Y","N"
"J. Dyn. Control Syst.","Journal of Dynamical and Control Systems","","Springer, New York.","1079-2724","N","Y","N"
"J. Dyn. Games","Journal of Dynamics and Games","","Am. Inst. Math. Sci. (AIMS), Springfield, MO.","2164-6066","N","N","N"
"J. Dyn. Syst. Geom. Theor.","Journal of Dynamical Systems and Geometric Theories","","Taru Publ., New Delhi.","1726-037X","N","N","N"
"J. East China Norm. Univ. Natur. Sci. Ed.","Journal of East China Normal University. Natural Science Edition. Huadong Shifan Daxue Xuebao. Ziran Kexue Ban","","J. East China Norm. Univ., Editor. Off., Shanghai.","1000-5641","N","N","N"
"J. Econom. Dynam. Control","Journal of Economic Dynamics & Control","","Elsevier Sci. B. V., Amsterdam.","0165-1889","N","N","N"
"J. Econometrics","Journal of Econometrics","","Elsevier B. V., Amsterdam.","0304-4076","N","N","N"
"J. Econom. Methods","Journal of Econometric Methods","","De Gruyter, Berlin.","2194-6345","N","N","N"
"J. Econom. Theory","Journal of Economic Theory","","Elsevier B. V., Amsterdam.","0022-0531","N","N","N"
"J. Ec. polytech. Math.","Journal de l'Ecole polytechnique. Mathematiques","","Universite Paris - Saclay, Ecole Polytechnique, Palaiseau.","2429-7100","N","Y","N"
"J. Egyptian Math. Soc.","Journal of the Egyptian Mathematical Society","","Nat. Inform. Documentation Centre (NIDOC), Cairo.","1110-256X","N","N","N"
"J. Elasticity","Journal of Elasticity. The Physical and Mathematical Science of Solids","","Springer, Dordrecht.","0374-3535","N","N","N"
"J. Elliptic Parabol. Equ.","Journal of Elliptic and Parabolic Equations","","Birkhauser Verlag, Basel.","2296-9020","N","Y","N"
"J. Engrg. Math.","Journal of Engineering Mathematics","","Springer, Dordrecht.","0022-0833","N","N","N"
"Jerus. Stud. Philos. Hist. Sci.","Jerusalem Studies in Philosophy and History of Science","","Springer, Cham.","2524-4248","N","N","Y"
"Jesuit Stud.","Jesuit Studies. Modernity through the Prism of Jesuit History","","Brill, Leiden.","2214-3289","N","N","Y"
"J. Eur. Math. Soc. (JEMS)","Journal of the European Mathematical Society (JEMS)","","EMS Press, Berlin.","1435-9855","N","Y","N"
"J. Evol. Equ.","Journal of Evolution Equations","","Birkhauser Verlag, Basel.","1424-3199","N","Y","N"
"J. Finsler Geom. Appl.","Journal of Finsler Geometry and its Applications","","Univ. Mohaghegh Ardabili, Ardabil.","","N","N","N"
"J. Fixed Point Theory Appl.","Journal of Fixed Point Theory and Applications","","Birkhauser Verlag, Basel.","1661-7738","N","Y","N"
"J. Fluid Mech.","Journal of Fluid Mechanics","","Cambridge Univ. Press, Cambridge.","0022-1120","N","N","N"
"J. Forecast.","Journal of Forecasting","","Wiley, Oxford.","0277-6693","N","N","N"
"J. Fourier Anal. Appl.","The Journal of Fourier Analysis and Applications","","Birkhauser Boston, Cambridge, MA.","1069-5869","N","Y","N"
"J. Fractal Geom.","Journal of Fractal Geometry. Mathematics of Fractals and Related Topics","","EMS Press, Berlin.","2308-1309","N","Y","N"
"J. Fract. Calc. Appl.","Journal of Fractional Calculus and Applications","","Fract. Calc. Appl. Group, Alexandria.","2090-584X","N","Y","N"
"J. Franklin Inst.","Journal of the Franklin Institute. Engineering and Applied Mathematics","","Elsevier Ltd, Oxford.","0016-0032","N","N","N"
"J. Funct. Anal.","Journal of Functional Analysis","","Elsevier B. V., Amsterdam.","0022-1236","N","Y","N"
"J. Funct. Programming","Journal of Functional Programming","","Cambridge Univ. Press, Cambridge.","0956-7968","N","N","N"
"J. Funct. Spaces","Journal of Function Spaces","","Wiley, Oxford.","2314-8896","N","N","N"
"J. Geom.","Journal of Geometry","","Birkhauser Verlag, Basel.","0047-2468","N","Y","N"
"J. Geom. Anal.","Journal of Geometric Analysis","","Springer, New York.","1050-6926","N","Y","N"
"J. Geom. Graph.","Journal for Geometry and Graphics","","Heldermann, Lemgo.","1433-8157","N","N","N"
"J. Geom. Phys.","Journal of Geometry and Physics","","Elsevier B. V., Amsterdam.","0393-0440","N","Y","N"
"J. Geom. Symmetry Phys.","Journal of Geometry and Symmetry in Physics","","Bulgar. Acad. Sci., Sofia.","1312-5192","N","N","N"
"J. Global Optim.","Journal of Global Optimization. An International Journal Dealing with Theoretical and Computational Aspects of Seeking Global Optima and Their Applications in Science, Management and Engineering","","Springer, Secaucus, NJ.","0925-5001","N","Y","N"
"J. Gokova Geom. Topol. GGT","Journal of Gokova Geometry Topology. GGT","","J. Gokova Geom. Topol. GGT, [place of publication not identified].","","N","Y","N"
"J. Graph Algorithms Appl.","Journal of Graph Algorithms and Applications","","J. Graph. Algorithms Appl., Providence, RI.","","N","N","N"
"J. Graph Theory","Journal of Graph Theory","","Wiley, Hoboken, NJ.","0364-9024","N","Y","N"
"J. Groups Complex. Cryptol.","Journal of Groups, Complexity, Cryptology","","Journal of Groups, Complexity, Cryptology, [place of publication not identified].","1867-1144","N","Y","N"
"J. Group Theory","Journal of Group Theory","","De Gruyter, Berlin.","1433-5883","N","Y","N"
"J. Hefei Univ. Technol. Nat. Sci.","Journal of Hefei University of Technology. Natural Science. Hefei Gongye Daxue Xuebao. Ziran Kexue Ban","","Press Jl. HUT, Hefei.","1003-5060","N","N","N"
"J. High Energy Phys.","Journal of High Energy Physics","","Springer, Berlin.","1126-6708","N","N","N"
"J. Homotopy Relat. Struct.","Journal of Homotopy and Related Structures","","Springer, Berlin.","2193-8407","N","Y","N"
"J. Humanist. Math.","Journal of Humanistic Mathematics","","Claremont Cent. Math. Sci., Claremont, CA.","","N","N","N"
"J. Hyperbolic Differ. Equ.","Journal of Hyperbolic Differential Equations","","World Sci. Publ., Singapore.","0219-8916","N","Y","N"
"J. Indian Math. Soc. (N.S.)","The Journal of the Indian Mathematical Society. New Series","","Indian Math. Soc., Vadodara.","0019-5839","N","Y","N"
"J. Indian Statist. Assoc.","Journal of the Indian Statistical Association","","Indian Statist. Assoc., Pune.","0537-2585","N","N","N"
"J. Ind. Manag. Optim.","Journal of Industrial and Management Optimization","","Am. Inst. Math. Sci. (AIMS), Springfield, MO.","1547-5816","N","Y","N"
"J. Indones. Math. Soc.","Journal of the Indonesian Mathematical Society","","Indones. Math. Soc., Yogyakarta.","2086-8952","N","N","N"
"J. Inequal. Appl.","Journal of Inequalities and Applications","","Springer, Berlin.","","N","Y","N"
"J. Inequal. Spec. Funct.","Journal of Inequalities and Special Functions","","Ilirias Publ., Pristina.","","N","N","N"
"J. Inn. Mong. Norm. Univ. Nat. Sci.","Journal of Inner Mongolia Normal University. Nei Mongol Shifan Daxue Xuebao. Ziran Kexue. Hanwen Ban","","J. Inner Mongolia Normal Univ., Editor. Dept., Hohhot.","1001-8735","N","N","N"
"J. Inst. Math. Jussieu","Journal of the Institute of Mathematics of Jussieu. JIMJ. Journal de l'Institut de Mathematiques de Jussieu","","Cambridge Univ. Press, Cambridge.","1474-7480","N","Y","N"
"J. Int. Acad. Phys. Sci.","Journal of International Academy of Physical Sciences","","Int. Acad. Phys. Sci., Prayagraj.","","N","N","N"
"J. Integer Seq.","Journal of Integer Sequences","","J. Integer Seq., Waterloo, ON.","","N","Y","N"
"J. Integral Equations Appl.","Journal of Integral Equations and Applications","","Rocky Mountain Math. Consortium, Phoenix, AZ.","0897-3962","N","Y","N"
"J. Int. Math. Virtual Inst.","Journal of International Mathematical Virtual Institute","","IMVI Sci. Soc. Math. Banja Luka, Banja Luka.","2303-4866","N","N","N"
"J. Inverse Ill-Posed Probl.","Journal of Inverse and Ill-Posed Problems","","De Gruyter, Berlin.","0928-0219","N","Y","N"
"J. Iran. Math. Soc.","Journal of the Iranian Mathematical Society","","Iranian Math. Soc., Tehran.","","N","N","N"
"J. Iran. Stat. Soc. (JIRSS)","Journal of the Iranian Statistical Society. (JIRSS)","","Iran. Stat. Soc., Tehran.","1726-4057","N","N","N"
"Jisuan Shuxue","","","","","Y","N","N"
"J. Jpn. Stat. Soc. Jpn. Issue","Journal of the Japan Statistical Society. Japanese Issue","","Japan Statist. Soc., Tokyo.","0389-5602","N","N","N"
"J. Knot Theory Ramifications","Journal of Knot Theory and its Ramifications","","World Sci. Publ., Singapore.","0218-2165","N","Y","N"
"J. Korean Math. Soc.","Journal of the Korean Mathematical Society","","Korean Math. Soc., Seoul.","0304-9914","N","Y","N"
"J. Korean Soc. Ind. Appl. Math.","Journal of the Korean Society for Industrial and Applied Mathematics","","Korean Society for Industrial and Applied Mathematics, Seoul.","1226-9433","N","N","N"
"J. Korean Soc. Math. Educ. Ser. B. Theor. Math. Pedag. Math.","Journal of the Korean Society of Mathematical Education. Series B. Theoretical Mathematics and Pedagogical Mathematics","","","3059-0604","Y","N","N"
"J. Korean Statist. Soc.","Journal of the Korean Statistical Society","","Springer, Berlin.","1226-3192","N","N","N"
"J. Lie Theory","Journal of Lie Theory","","Heldermann, Lemgo.","0949-5932","N","Y","N"
"J. Log. Algebr. Methods Program.","Journal of Logical and Algebraic Methods in Programming","","Elsevier B. V., Amsterdam.","2352-2208","N","Y","N"
"J. Log. Anal.","Journal of Logic and Analysis","","J. Logic Anal., Irvine, CA.","","N","Y","N"
"J. Logic Comput.","Journal of Logic and Computation","","Oxford Univ. Press, Oxford.","0955-792X","N","Y","N"
"J. Log. Lang. Inf.","Journal of Logic, Language and Information","","Springer, Dordrecht.","0925-8531","N","N","N"
"J. Lond. Math. Soc. (2)","Journal of the London Mathematical Society. Second Series","","London Math. Soc., London.","0024-6107","N","Y","N"
"J. Mach. Learn.","Journal of Machine Learning","","Glob. Sci. Pr., Shatin.","2790-203X","N","N","N"
"J. Mach. Learn. Res.","Journal of Machine Learning Research (JMLR)","","J. Mach. Learn. Res., Cambridge, MA.","1532-4435","N","N","N"
"J. Math.","Journal of Mathematics","","Wiley, Chichester.","2314-4629","N","N","N"
"J. Math. Anal.","Journal of Mathematical Analysis","","Ilirias Publ., Pristina.","","N","N","N"
"J. Math. Anal. Appl.","Journal of Mathematical Analysis and Applications","","Elsevier, Inc., Amsterdam.","0022-247X","N","Y","N"
"J. Math. Appl.","Journal of Mathematics and Applications","","Publ. House Rzeszow Univ. Technol., Rzeszow.","1733-6775","N","Y","N"
"J. Math. Arts","Journal of Mathematics and the Arts","","Taylor & Francis, Abingdon.","1751-3472","N","N","N"
"J. Math. Biol.","Journal of Mathematical Biology","","Springer, Heidelberg.","0303-6812","N","Y","N"
"J. Math. Chem.","Journal of Mathematical Chemistry","","Springer, Dordrecht.","0259-9791","N","N","N"
"J. Math. Cryptol.","Journal of Mathematical Cryptology","","De Gruyter, Berlin.","1862-2976","N","Y","N"
"J. Math. Econom.","Journal of Mathematical Economics","","Elsevier Sci. B. V., Amsterdam.","0304-4068","N","Y","N"
"J. Math. Fluid Mech.","Journal of Mathematical Fluid Mechanics","","Birkhauser Verlag, Basel.","1422-6928","N","Y","N"
"J. Math. Imaging Vision","Journal of Mathematical Imaging and Vision","","Springer, New York.","0924-9907","N","N","N"
"J. Math. Ind.","Journal of Mathematics in Industry","","Springer, Berlin.","","N","N","N"
"J. Math. Inequal.","Journal of Mathematical Inequalities","","ELEMENT, Zagreb.","1846-579X","N","Y","N"
"J. Math. Log.","Journal of Mathematical Logic","","World Sci. Publ., Singapore.","0219-0613","N","Y","N"
"J. Math. Model.","Journal of Mathematical Modeling","","Univ. Guilan, Rasht.","2345-394X","N","N","N"
"J. Math. Music","Journal of Mathematics & Music. Mathematical and Computational Approaches to Music Theory, Analysis, Composition and Performance","","Taylor & Francis, Abingdon.","1745-9737","N","N","N"
"J. Math. Phys.","Journal of Mathematical Physics","","Amer. Inst. Phys., Melville, NY.","0022-2488","N","Y","N"
"J. Math. Phys. Anal. Geom.","Journal of Mathematical Physics, Analysis, Geometry","","Akad. Nauk Ukrainy, Fiz.-Tekh. Inst. Nizk. Temp. im. B. I. Verkina, Kharkov.","1812-9471","N","Y","N"
"J. Math. Psych.","Journal of Mathematical Psychology","","Elsevier B. V., Amsterdam.","0022-2496","N","N","N"
"J. Math. Pures Appl. (9)","Journal de Mathematiques Pures et Appliquees. Neuvieme Serie","","Elsevier B. V., Amsterdam.","0021-7824","N","Y","N"
"J. Math. Res. Appl.","Journal of Mathematical Research with Applications","","J. Math. Res. Appl., Editor. Office, Dalian.","2095-2651","N","Y","N"
"J. Math. Sci. (N.Y.)","Journal of Mathematical Sciences (New York)","","Springer, New York.","1072-3374","N","N","N"
"J. Math. Sci. Univ. Tokyo","The University of Tokyo. Journal of Mathematical Sciences","","Univ. Tokyo, Tokyo.","1340-5705","N","Y","N"
"J. Math. Sociol.","Journal of Mathematical Sociology","","Routledge, Taylor & Francis, Inc., Philadelphia, PA.","0022-250X","N","N","N"
"J. Math. Soc. Japan","Journal of the Mathematical Society of Japan","","Math. Soc. Japan, Tokyo.","0025-5645","N","Y","N"
"J. Math. Study","Journal of Mathematical Study. Shuxue Yanjiu","","Glob. Sci. Pr., Shatin.","2096-9856","N","Y","N"
"J. Math. Tokushima Univ.","Journal of Mathematics. Tokushima University","","Tokushima Univ., Tokushima.","1346-7387","N","Y","N"
"J. Mech. Mater. Struct.","Journal of Mechanics of Materials and Structures","","Math. Sci. Publ., Berkeley, CA.","1559-3959","N","N","N"
"J. Mech. Phys. Solids","Journal of the Mechanics and Physics of Solids","","Elsevier Ltd, Oxford.","0022-5096","N","N","N"
"J. Membr. Comput.","Journal of Membrane Computing","","Springer, Singapore.","2523-8906","N","N","N"
"J. Mod. Dyn.","Journal of Modern Dynamics","","Am. Inst. Math. Sci. (AIMS), Springfield, MO.","1930-5311","N","Y","N"
"J. Multiscale Model.","Journal of Multiscale Modelling","","World Sci. Publishing, Singapore.","1756-9737","N","N","N"
"J. Multivariate Anal.","Journal of Multivariate Analysis","","Elsevier, Inc., Amsterdam.","0047-259X","N","Y","N"
"J. Mult.-Valued Logic Soft Comput.","Journal of Multiple-Valued Logic and Soft Computing","","Old City Publ., Philadelphia, PA.","1542-3980","N","N","N"
"JNAIAM. J. Numer. Anal. Ind. Appl. Math.","JNAIAM. Journal of Numerical Analysis, Industrial and Applied Mathematics","","Promacon, Athens.","1790-8140","N","N","N"
"J. Nanjing Norm. Univ. Nat. Sci. Ed.","Journal of Nanjing Normal University. Natural Science Edition. Nanjing Shida Xuebao. Ziran Kexue Ban","","J. Nanjing Norm. Univ., Editor. Dept., Nanjing.","1001-4616","N","N","N"
"J. Nanjing Univ. Nat. Sci.","Journal of Nanjing University. Natural Sciences","","J. Nanjing Univ., Editor. Board, Nanjing.","0469-5097","N","N","N"
"J. Nigerian Math. Soc.","Journal of the Nigerian Mathematical Society","","Nigerian Math. Soc., Nsukka.","","N","Y","N"
"J. Noncommut. Geom.","Journal of Noncommutative Geometry","","EMS Press, Berlin.","1661-6952","N","Y","N"
"J. Nonlinear Anal. Optim.","Journal of Nonlinear Analysis and Optimization. Theory and Applications","","Naresuan Univ., Phitsanulok.","1906-9685","N","N","N"
"J. Nonlinear Complex Data Sci.","Journal of Nonlinear, Complex and Data Science","","De Gruyter, Berlin.","","N","N","N"
"J. Nonlinear Convex Anal.","Journal of Nonlinear and Convex Analysis. An International Journal","","Yokohama Publ., Yokohama.","1345-4773","N","N","N"
"J. Nonlinear Evol. Equ. Appl.","Journal of Nonlinear Evolution Equations and Applications","","J. Nonlinear Evol. Equ. Appl., Baltimore, MD.","","N","Y","N"
"J. Nonlinear Math. Phys.","Journal of Nonlinear Mathematical Physics","","Springer, Berlin.","1402-9251","N","Y","N"
"J. Nonlinear Sci.","Journal of Nonlinear Science","","Springer, New York.","0938-8974","N","N","N"
"J. Nonlinear Sci. Appl.","Journal of Nonlinear Sciences and Applications. JNSA","","Int. Sci. Res. Publ., Waterloo, ON.","2008-1898","N","N","N"
"J. Non-Newton. Fluid Mech.","Journal of Non-Newtonian Fluid Mechanics","","Elsevier B. V., Amsterdam.","0377-0257","N","N","N"
"J. Nonparametr. Stat.","Journal of Nonparametric Statistics","","Taylor & Francis, Abingdon.","1048-5252","N","Y","N"
"J. Nonsmooth Anal. Optim.","Journal of Nonsmooth Analysis and Optimization","","Journal of Nonsmooth Analysis and Optimization, [place of publication not identified].","","N","N","N"
"J. Number Theory","Journal of Number Theory","","Elsevier B. V., Amsterdam.","0022-314X","N","Y","N"
"J. Numer. Anal. Approx. Theory","Journal of Numerical Analysis and Approximation Theory","","Ed. Acad. Romane, Bucharest.","2457-6794","N","Y","N"
"J. Numer. Math.","Journal of Numerical Mathematics","","De Gruyter, Berlin.","1570-2820","N","N","N"
"J. Numer. Math. Stoch.","Journal of Numerical Mathematics and Stochastics","","Euclidean Press, Beirut.","","N","N","N"
"J. Numer. Methods Comput. Appl.","Journal on Numerical Methods and Computer Applications","","J. Numer. Methods Comput. Appl., Ed. Dept., Beijing.","1000-3266","N","N","N"
"J. Operator Theory","Journal of Operator Theory","","Theta Found., Bucharest.","0379-4024","N","Y","N"
"J. Oper. Res. Soc. China","Journal of the Operations Research Society of China","","Springer, Berlin.","2194-668X","N","N","N"
"J. Oper. Res. Soc. Japan","Journal of the Operations Research Society of Japan","","Oper. Res. Soc. Japan, Tokyo.","0453-4514","N","N","N"
"J. Optim. Differ. Equ. Appl.","Journal of Optimization, Differential Equations and their Applications","","Dnipro Natl. Univ., Dnipro.","2617-0108","N","N","N"
"J. Optim. Theory Appl.","Journal of Optimization Theory and Applications","","Springer, New York.","0022-3239","N","Y","N"
"Jordan J. Math. Stat.","Jordan Journal of Mathematics and Statistics","","Yarmouk Univ., Irbid.","2075-7905","N","N","N"
"J. Partial Differ. Equ.","Journal of Partial Differential Equations","","Glob. Sci. Pr., Shatin.","1000-940X","N","Y","N"
"J. Peridyn. Nonlocal Model.","Journal of Peridynamics and Nonlocal Modeling","","Springer, Berlin.","2522-896X","N","N","N"
"J. Philos. Logic","Journal of Philosophical Logic","","Springer, Dordrecht.","0022-3611","N","Y","N"
"J. Phys. A","Journal of Physics. A. Mathematical and Theoretical","","Inst. Phys., Bristol.","1751-8113","N","N","N"
"Jpn. Econ. Rev.","The Japanese Economic Review. The Journal of the Japanese Economic Association","","Springer, Berlin.","1352-4739","N","N","N"
"Jpn. J. Ind. Appl. Math.","Japan Journal of Industrial and Applied Mathematics","","Springer, Tokyo.","0916-7005","N","Y","N"
"Jpn. J. Math.","Japanese Journal of Mathematics","","Springer Japan, Tokyo.","0289-2316","N","Y","N"
"Jpn. J. Stat. Data Sci.","Japanese Journal of Statistics and Data Science","","Springer, Singapore.","2520-8756","N","N","N"
"J. Prime Res. Math.","Journal of Prime Research in Mathematics","","Abdus Salam School Math. Sci., Lahore.","1817-2725","N","Y","N"
"J. Probab. Stat.","Journal of Probability and Statistics","","Wiley, Oxford.","1687-952X","N","N","N"
"J. Pseudo-Differ. Oper. Appl.","Journal of Pseudo-Differential Operators and Applications","","Birkhauser Verlag, Basel.","1662-9981","N","Y","N"
"J. Pure Appl. Algebra","Journal of Pure and Applied Algebra","","Elsevier B. V., Amsterdam.","0022-4049","N","Y","N"
"J. Rajasthan Acad. Phys. Sci.","Journal of Rajasthan Academy of Physical Sciences","","Rajasthan Acad. Phys. Sci., Jaipur.","0972-6306","N","N","N"
"J. Ramanujan Math. Soc.","Journal of the Ramanujan Mathematical Society","","Ramanujan Math. Soc., Mysore.","0970-1249","N","Y","N"
"J. Reine Angew. Math.","Journal fur die Reine und Angewandte Mathematik. [Crelle's Journal]","","De Gruyter, Berlin.","0075-4102","N","Y","N"
"J. Roy. Statist. Soc. Ser. A","Journal of the Royal Statistical Society. Series A. Statistics in Society","","Oxford Univ. Press, Oxford.","0964-1998","N","N","N"
"J. R. Stat. Soc. Ser. B. Stat. Methodol.","Journal of the Royal Statistical Society. Series B. Statistical Methodology","","Oxford Univ. Press, Oxford.","1369-7412","N","Y","N"
"J. R. Stat. Soc. Ser. C. Appl. Stat.","Journal of the Royal Statistical Society. Series C. Applied Statistics","","Oxford Univ. Press, Oxford.","0035-9254","N","N","N"
"J. Sched.","Journal of Scheduling","","Springer, New York.","1094-6136","N","N","N"
"J. Sci. Comput.","Journal of Scientific Computing","","Springer, New York.","0885-7474","N","Y","N"
"J. Sci. Eng. Technol.","Journal of Science, Engineering and Technology","","Kathmandu Univ., Dhulikhel.","","N","N","N"
"J. Sci. Hiroshima Univ. Ser. A. Math. Phys. Chem.","Journal of Science of the Hiroshima University. Series A (Mathematics, Physics, Chemistry)","","Hiroshima Univ., Hiroshima.","","Y","N","N"
"J. Shanghai Univ. Nat. Sci.","Journal of Shanghai University. Natural Science Edition. Shanghai Daxue Xuebao. Ziran Kexue Ban","","J. Shanghai Univ., Ed. Board, Shanghai.","1007-2861","N","N","N"
"JSIAM Lett.","JSIAM Letters","","Japan Soc. Indust. Appl. Math., Tokyo.","1883-0609","N","N","N"
"J. Singul.","Journal of Singularities","","Worldw. Cent. Math., Cambridge, MA.","","N","Y","N"
"J. Softw. Algebra Geom.","Journal of Software for Algebra and Geometry","","Math. Sci. Publ., Berkeley, CA.","","N","N","N"
"J. Southeast Univ. (English Ed.)","Journal of Southeast University. English Edition. Dongnan Daxue Xuebao. Yingwen Ban","","J. Southeast Univ., Editor. Dept., Nanjing.","1003-7985","N","N","N"
"J. Spectr. Theory","Journal of Spectral Theory","","EMS Press, Berlin.","1664-039X","N","Y","N"
"JSS Res. Ser. Stat.","JSS Research Series in Statistics","","Springer, Tokyo.","2364-0065","N","N","Y"
"J. Stat. Comput. Simul.","Journal of Statistical Computation and Simulation","","Taylor & Francis, Abingdon.","0094-9655","N","N","N"
"J. Statist. Plann. Inference","Journal of Statistical Planning and Inference","","Elsevier Sci. B. V., Amsterdam.","0378-3758","N","Y","N"
"J. Statist. Res.","Journal of Statistical Research","","Univ. Dhaka, Dhaka.","0256-422X","N","N","N"
"J. Stat. Mech. Theory Exp.","Journal of Statistical Mechanics: Theory and Experiment","","IOP, Bristol.","","N","N","N"
"J. Stat. Phys.","Journal of Statistical Physics","","Springer, New York.","0022-4715","N","N","N"
"J. Stat. Theory Pract.","Journal of Statistical Theory and Practice","","Springer, Berlin.","1559-8608","N","N","N"
"J. Stoch. Anal.","Journal of Stochastic Analysis. JOSA","","LSU Digital Commons, Baton Rouge, LA.","","N","Y","N"
"J. Symb. Log.","The Journal of Symbolic Logic","","Cambridge Univ. Press, Cambridge.","0022-4812","N","Y","N"
"J. Symbolic Comput.","Journal of Symbolic Computation","","Elsevier Ltd, Oxford.","0747-7171","N","Y","N"
"J. Symplectic Geom.","The Journal of Symplectic Geometry","","Int. Press, Somerville, MA.","1527-5256","N","Y","N"
"J. Syst. Sci. Complex.","Journal of Systems Science & Complexity","","Acad. Sinica, Inst. Syst. Sci., Beijing.","1009-6124","N","N","N"
"J. Tensor Soc.","Journal of the Tensor Society","","Tensor Soc., Lucknow.","0974-5428","N","Y","N"
"J. Theor. Comput. Acoust.","Journal of Theoretical and Computational Acoustics","","World Sci. Publ., Singapore.","2591-7285","N","N","N"
"J. Theoret. Appl. Mech.","Journal of Theoretical and Applied Mechanics","","Bulgar. Acad. Sci., Natl. Comm. Theoret. Appl. Mech., Sofia.","0861-6663","N","N","N"
"J. Theoret. Biol.","Journal of Theoretical Biology","","Elsevier Sci. B. V., Amsterdam.","0022-5193","N","N","N"
"J. Theoret. Probab.","Journal of Theoretical Probability","","Springer, New York.","0894-9840","N","Y","N"
"J. Theor. Nombres Bordeaux","Journal de Theorie des Nombres de Bordeaux","","Univ. Bordeaux I, Talence.","1246-7405","N","Y","N"
"J. Time Ser. Econom.","Journal of Time Series Econometrics","","De Gruyter, Berlin.","2194-6507","N","Y","N"
"J. Time Series Anal.","Journal of Time Series Analysis","","Wiley-Blackwell, Oxford.","0143-9782","N","N","N"
"J. Topol.","Journal of Topology","","London Math. Soc., London.","1753-8416","N","Y","N"
"J. Topol. Anal.","Journal of Topology and Analysis","","World Sci. Publ., Singapore.","1793-5253","N","Y","N"
"J. Turbul.","Journal of Turbulence","","Taylor & Francis, Abingdon.","","N","N","N"
"J. Vib. Control","Journal of Vibration and Control","","Sage, Thousand Oaks, CA.","1077-5463","N","N","N"
"J. Xiamen Univ. Natur. Sci.","","","","","Y","N","N"
"J. Zhengzhou Univ. Nat. Sci. Ed.","Journal of Zhengzhou University. Natural Science Edition. Zhengzhou Daxue Xuebao. Lixue Ban","","J. Zhengzhou Univ., Editor. Dept., Zhengzhou.","1671-6841","N","N","N"
"Kalpa Publ. Comput.","Kalpa Publications in Computing","","EasyChair, Manchester.","2515-1762","N","N","Y"
"Khayyam J. Math.","Khayyam Journal of Mathematics","","Tusi Math. Res. Group (TMRG), Mashhad.","","N","N","N"
"KIAS Springer Ser. Math.","KIAS Springer Series in Mathematics","","Springer, Singapore.","2731-5142","N","N","Y"
"Kibernet. Sistem. Anal.","Natsionalnaya Akademiya Nauk Ukrainy. Institut Kibernetiki im. V. M. Glushkova. Kibernetika i Sistemnyi Analiz","","Nats. Akad. Nauk Ukr. Inst. Kibern. im. V. M. Glushkova, Kiev.","1019-5262","N","N","N"
"Kinet. Relat. Models","Kinetic and Related Models","","Am. Inst. Math. Sci. (AIMS), Springfield, MO.","1937-5093","N","Y","N"
"Kinki Univ. Ser. Quantum Comput.","Kinki University Series on Quantum Computing","","World Sci. Publ., Hackensack, NJ.","1793-7299","N","N","Y"
"Kobe J. Math.","Kobe Journal of Mathematics","","Kobe Univ., Kobe.","0289-9051","N","Y","N"
"Kodai Math. J.","Kodai Mathematical Journal","","Inst. Sci. Tokyo, Tokyo.","0386-5991","N","Y","N"
"Konuralp J. Math.","Konuralp Journal of Mathematics","","Konuralp J. Math., Duzce.","","N","N","N"
"Korean J. Math.","The Korean Journal of Mathematics","","Kangwon-Kyungki Mathematical Society, Chunchon.","1976-8605","N","N","N"
"Kragujevac J. Math.","Kragujevac Journal of Mathematics","","Univ. Kragujevac, Kragujevac.","1450-9628","N","N","N"
"Kumamoto J. Math.","Kumamoto Journal of Mathematics","","Kumamoto Univ., Kumamoto.","","N","Y","N"
"Kuwait J. Sci.","Kuwait Journal of Science","","Elsevier B. V., Amsterdam.","2307-4108","N","N","N"
"Kybernetika (Prague)","Kybernetika","","Acad. Sci. Czech Repub., Prague.","0023-5954","N","N","N"
"Kyoto J. Math.","Kyoto Journal of Mathematics","","Duke Univ. Press, Durham, NC.","2156-2261","N","Y","N"
"Kyungpook Math. J.","Kyungpook Mathematical Journal","","Kyungpook Nat. Univ., Taegu.","1225-6951","N","Y","N"
"Kyushu J. Math.","Kyushu Journal of Mathematics","","Kyushu Univ., Fukuoka.","1340-6116","N","Y","N"
"La Mat. per il 3+2","La Matematica per il 3+2","","Springer, Milan.","2038-5722","N","N","Y"
"Landsc. Log","Landscapes in Logic","","Coll. Publ., [London].","","N","N","Y"
"Lat. Amer. Math. Ser.","Latin American Mathematics Series","","Springer, Cham.","","N","N","Y"
"Lat. Amer. Math. Ser. UFSCar Subser.","Latin American Mathematics Series---UFSCar Subseries","","Springer, Cham.","2524-6755","N","N","Y"
"Lect. Mat.","Lecturas Matematicas","","Soc. Colombiana Mat., Bogota.","0120-1980","N","Y","N"
"Lect. Notes Appl. Comput. Mech.","Lecture Notes in Applied and Computational Mechanics","","Springer, Cham.","1613-7736","N","N","Y"
"Lect. Notes Bus. Inf. Process.","Lecture Notes in Business Information Processing","","Springer, Cham.","1865-1348","N","N","Y"
"Lect. Notes Civ. Eng.","Lecture Notes in Civil Engineering","","Springer, Singapore.","2366-2557","N","N","Y"
"Lect. Notes Comput. Sci. Eng.","Lecture Notes in Computational Science and Engineering","","Springer, Cham.","1439-7358","N","N","Y"
"Lect. Notes Control Inf. Sci.","Lecture Notes in Control and Information Sciences","","Springer, Cham.","0170-8643","N","N","Y"
"Lect. Notes Control Inf. Sci. Proc.","Lecture Notes in Control and Information Sciences. Proceedings","","Springer, Cham.","2522-5383","N","N","Y"
"Lect. Notes Data Eng. Commun. Technol.","Lecture Notes on Data Engineering and Communications Technologies","","Springer, Cham.","2367-4512","N","N","Y"
"Lect. Notes Electr. Eng.","Lecture Notes in Electrical Engineering","","Springer, Cham.","1876-1100","N","N","Y"
"Lect. Notes Geosyst. Math. Comput.","Lecture Notes in Geosystems Mathematics and Computing","","Birkhauser/Springer, Cham.","","N","N","Y"
"Lect. Notes in Bioinform.","Lecture Notes in Bioinformatics","","Springer, Berlin.","2366-6323","N","N","Y"
"Lect. Notes Inst. Comput. Sci. Soc. Inform. Telecommun. Eng.","Lecture Notes of the Institute for Computer Sciences, Social Informatics and Telecommunications Engineering","","Springer, Cham.","1867-8211","N","N","Y"
"Lect. Notes Intell. Transp. Infrastruct.","Lecture Notes in Intelligent Transportation and Infrastructure","","Springer, Cham.","2523-3440","Y","N","Y"
"Lect. Notes Log.","Lecture Notes in Logic","","Assoc. Symbol. Logic, Chicago, IL.","","N","N","Y"
"Lect. Notes Math. Fluid Mech.","Lecture Notes in Mathematical Fluid Mechanics","","Birkhauser/Springer, Cham.","2510-1382","N","N","Y"
"Lect. Notes Math. Model. Life Sci.","Lecture Notes on Mathematical Modelling in the Life Sciences","","Springer, Cham.","2193-4789","N","N","Y"
"Lect. Notes Mech. Eng.","Lecture Notes in Mechanical Engineering","","Springer, Singapore.","2195-4356","N","N","Y"
"Lect. Notes Mobil.","Lecture Notes in Mobility","","Springer, Cham.","2196-5544","N","N","Y"
"Lect. Notes Morphog.","Lecture Notes in Morphogenesis","","Springer, Cham.","2195-1934","N","N","Y"
"Lect. Notes Netw. Syst.","Lecture Notes in Networks and Systems","","Springer, Cham.","2367-3370","N","N","Y"
"Lect. Notes Nonlinear Anal.","Lecture Notes in Nonlinear Analysis","","Juliusz Schauder Cent. Nonlinear Stud., Torun.","2082-4335","N","N","Y"
"Lect. Notes Numer. Methods Eng. Sci.","Lecture Notes on Numerical Methods in Engineering and Sciences","","Springer, Cham.","1877-7341","N","N","Y"
"Lect. Notes Oper. Res.","Lecture Notes in Operations Research","","Springer, Cham.","2731-040X","N","N","Y"
"Lect. Notes Semin. Interdiscip. Mat.","Lecture Notes of Seminario Interdisciplinare di Matematica","","Semin. Interdiscip. Mat. (S.I.M.), Potenza.","2284-0206","N","N","Y"
"Lect. Notes Ser. Inst. Math. Sci. Natl. Univ. Singap.","Lecture Notes Series. Institute for Mathematical Sciences. National University of Singapore","","World Sci. Publ., Hackensack, NJ.","1793-0758","N","N","Y"
"Lect. Notes Soc. Netw.","Lecture Notes in Social Networks","","Springer, Cham.","2190-5428","N","N","Y"
"Lect. Notes Stat.","Lecture Notes in Statistics","","Springer, Cham.","0930-0325","N","N","Y"
"Lect. Notes TICMI","Lecture Notes of Tbilisi International Centre of Mathematics and Informatics","","Tbilisi Univ. Press, Tbilisi.","1512-0511","N","N","N"
"Lect. Notes Unione Mat. Ital.","Lecture Notes of the Unione Matematica Italiana","","Springer, Cham.","1862-9113","N","N","Y"
"Lecture Notes in Artificial Intelligence","Lecture Notes in Artificial Intelligence","","Springer, Berlin.","","N","N","Y"
"Lecture Notes in Comput. Sci.","Lecture Notes in Computer Science","","Springer, Cham.","0302-9743","N","N","Y"
"Lecture Notes in Econom. and Math. Systems","Lecture Notes in Economics and Mathematical Systems","","Springer, Cham.","0075-8442","N","N","Y"
"Lecture Notes in Math.","Lecture Notes in Mathematics","","Springer, Cham.","0075-8434","N","N","Y"
"Lecture Notes in Phys.","Lecture Notes in Physics","","Springer, Cham.","0075-8450","N","N","Y"
"Lecture Notes Ser. Comput.","Lecture Notes Series on Computing","","World Sci. Publ., Hackensack, NJ.","","N","N","Y"
"Lectures Math. ETH Zurich","Lectures in Mathematics ETH Zurich","","Birkhauser, Basel.","","N","N","Y"
"Leibniz Oxford","Leibniz from Oxford","","Oxford Univ. Press, Oxford.","","N","N","Y"
"Lektsionnye Kursy NOTs","Lektsionnye Kursy NOTs","Lecture Notes of the Scientific-Educational Center","Ross. Akad. Nauk, Inst. Mat. im. Steklova (MIAN), Moscow.","2226-8782","N","N","Y"
"Leonhardi Euleri Opera Omnia Ser. 4A","Leonhardi Euleri Opera Omnia, Series Quarta A: Commercium Epistolicum","","Birkhauser, Basel.","","N","N","Y"
"Lett. Biomath.","Letters in Biomathematics","","Illinois State Univ., Intercoll. Biomath. Alliance, Normal, IL.","","N","N","N"
"Lett. Math. Phys.","Letters in Mathematical Physics","","Springer, Dordrecht.","0377-9017","N","Y","N"
"Lib. Math. (N.S.)","Libertas Mathematica. New Series","","American Romanian Academy of Arts and Sciences Publication, Aveiro.","0278-5307","N","Y","N"
"Lifetime Data Anal.","Lifetime Data Analysis. An International Journal Devoted to Statistical Methods and Applications for Time-to-Event Data","","Springer, New York.","1380-7870","N","N","N"
"Linear Algebra Appl.","Linear Algebra and its Applications","","Elsevier B. V., Amsterdam.","0024-3795","N","Y","N"
"Linear Multilinear Algebra","Linear and Multilinear Algebra","","Taylor & Francis, Abingdon.","0308-1087","N","Y","N"
"Linear Nonlinear Anal.","Linear and Nonlinear Analysis. An International Journal","","Yokohama Publ., Yokohama.","2188-8159","N","Y","N"
"Linear Oper. Linear Syst.","Linear Operators and Linear Systems","","Birkhauser Verlag, Basel.","2504-3609","N","N","Y"
"LIPIcs. Leibniz Int. Proc. Inform.","LIPIcs. Leibniz International Proceedings in Informatics","","Schloss Dagstuhl. Leibniz-Zent. Inform. , Wadern.","1868-8969","N","N","Y"
"Lith. Math. J.","Lithuanian Mathematical Journal","","Springer, New York.","0363-1672","N","Y","N"
"Little Hist.","Little Histories","","Yale Univ. Press, New Haven, CT.","","Y","N","Y"
"LLULL","LLULL. Revista de la Sociedad Espanola de Historia de las Ciencias y de las Tecnicas","","Soc. Esp. Hist. Cienc. Tec., Zaragoza.","0210-8615","N","N","N"
"Lobachevskii J. Math.","Lobachevskii Journal of Mathematics","","MAIK ``Nauka/Interperiodika'', Moscow.","1995-0802","N","N","N"
"Log. Anal. (N.S.)","Logique et Analyse. Nouvelle Serie","","Centre Nat. Belge Recherches de Logique, Brussels.","0024-5836","N","Y","N"
"Log. Argum.","Logic and Argumentation","","Coll. Publ., London.","","N","N","Y"
"Log. Argum. Reason","Logic, Argumentation & Reasoning","","Springer, Dordrecht.","2214-9120","N","N","Y"
"Log. Asia Stud. Log. Libr.","Logic in Asia: Studia Logica Library","","Springer, Heidelberg.","2364-4613","N","N","Y"
"Log. Epistemol. Unity Sci.","Logic, Epistemology, and the Unity of Science","","Springer, Cham.","2214-9783","N","N","Y"
"Logic Comput. Philos.","Logic and Computation in Philosophy","","Oxford Univ. Press, New York.","","N","N","Y"
"Log. Issled.","Logicheskie Issledovaniya. Logical Investigations","","Ross. Akad. Nauk, Inst. Filos., Moscow.","2074-1472","N","N","N"
"Log. J. IGPL","Logic Journal of the IGPL. Interest Group in Pure and Applied Logics","","Oxford Univ. Press, Oxford.","1367-0751","N","N","N"
"Log. Log. Philos.","Logic and Logical Philosophy","","N. Copernicus Univ. Sci. Publ. House, Torun.","1425-3305","N","N","N"
"Log. Methods Comput. Sci.","Logical Methods in Computer Science","","Log. Methods Comput. Sci., Braunschweig.","","N","Y","N"
"Log. Univers.","Logica Universalis","","Birkhauser Verlag, Basel.","1661-8297","N","Y","N"
"Lond. Math. Soc. Newsl.","London Mathematical Society. Newsletter","","London Math. Soc., London.","2516-3841","N","N","N"
"London Math. Soc. Lecture Note Ser.","London Mathematical Society Lecture Note Series","","Cambridge Univ. Press, Cambridge.","","N","N","Y"
"London Math. Soc. Stud. Texts","London Mathematical Society Student Texts","","Cambridge Univ. Press, Cambridge.","","N","N","Y"
"Lumiere Class.","Lumiere Classique","Classical Knowledge","Honore Champion Ed., Paris.","1250-6060","N","N","Y"
"Mach. Learn.","Machine Learning","","Springer, New York.","0885-6125","N","N","N"
"Mach. Learn. Found. Methodol. Appl.","Machine Learning: Foundations, Methodologies, and Applications","","Springer, Singapore.","9730-9908","N","N","Y"
"Maison Poincare. Regards Math.","Maison Poincare. Regards Mathematiques","Maison Poincare. Mathematical Perspectives","Soc. Math. France, Paris.","","Y","N","Y"
"Malaya J. Mat.","Malaya Journal of Matematik","","MKD Publ. House, Coimbatore.","2319-3786","N","N","N"
"Malays. J. Math. Sci.","Malaysian Journal of Mathematical Sciences","","Univ. Putra Malays., Inst. Math. Res., Serdang.","1823-8343","N","N","N"
"Manag. Prof.","Management for Professionals","","Springer, Cham.","2192-8096","Y","N","Y"
"Manuscripta Math.","Manuscripta Mathematica","","Springer, Berlin.","0025-2611","N","Y","N"
"Markov Process. Related Fields","Markov Processes and Related Fields","","Polymat, Moscow.","1024-2953","N","Y","N"
"Martin Gardner's Math. Games","Martin Gardner's Mathematical Games","","MAA Press, Providence, RI.","","N","N","Y"
"Matapli","Matapli","","Soc. Math. Appl. Indust., Paris.","0762-5707","N","N","N"
"Mat. Bilten","Matematichki Bilten. Bulletin Mathematique de la Societe des Mathematiciens de la Republique de Macedoine","","Union of Mathematicians of Macedonia, Skopje.","0351-336X","N","N","N"
"MATCH Commun. Math. Comput. Chem.","MATCH. Communications in Mathematical and in Computer Chemistry","","Univ. Kragujevac, Kragujevac.","0340-6253","N","N","N"
"Mat. Contemp.","Matematica Contemporanea","","","0103-9059","N","Y","N"
"Matematica","La Matematica. Official Journal of the Association for Women in Mathematics","","Springer, Berlin.","","N","Y","N"
"Matematiche (Catania)","Le Matematiche","","Dip. Inform. Mat. Univ. Catania, Catania.","0373-3505","N","Y","N"
"Mater. Horiz. From Nat. Nanomater.","Materials Horizons: From Nature to Nanomaterials","","Springer, Singapore.","2524-5384","N","N","Y"
"Mater. Read. Early Mod. Cult.","Material Readings in Early Modern Culture","","Routledge, New York.","","Y","N","Y"
"Mat. Fiz. Kompyut. Model.","Matematicheskaya Fizika i Kompyuternoe Modelirovanie. Mathematical Physics and Computer Simulation","","Izd. Volgogr. Gos. Univ., Volgograd.","2587-6325","N","N","N"
"Math. Anal. Appl.","Mathematical Analysis and Its Applications","","Academic Press, London.","","N","N","Y"
"Math. Ann.","Mathematische Annalen","","Springer, Berlin.","0025-5831","N","Y","N"
"Math. Appl. (Berlin)","Mathematiques & Applications (Berlin)","Mathematics & Applications","Springer, Heidelberg.","1154-483X","N","N","Y"
"Math. Appl. Model. Engin. Soc. Sci.","Mathematics and Its Applications: Modelling, Engineering, and Social Sciences","","CRC Press, Boca Raton, FL.","","N","N","Y"
"Math. Appl. (Warsaw)","Mathematica Applicanda. Matematyka Stosowana","","Polsk. Tow. Mat., Warsaw.","1730-2668","N","Y","N"
"Math. Biosci.","Mathematical Biosciences","","Elsevier Ltd, Oxford.","0025-5564","N","N","N"
"Math. Biosci. Eng.","Mathematical Biosciences and Engineering. MBE","","Am. Inst. Math. Sci. (AIMS), Springfield, MO.","1547-1063","N","N","N"
"Math. Biosci. Subser.","Mathematical Biosciences Subseries","","Springer, Berlin.","","N","N","Y"
"Math. Bohem.","Academy of Sciences of the Czech Republic. Mathematical Institute. Mathematica Bohemica","","Acad. Sci. Czech Repub. Inst. Math., Prague.","0862-7959","N","Y","N"
"Math. Built Environ.","Mathematics and the Built Environment","","Birkhauser/Springer, Cham.","2512-157X","N","N","Y"
"Math. Commun.","Mathematical Communications","","University of Osijek, School of Applied Mathematics and Informatics, Osijek.","1331-0623","N","Y","N"
"Math. Comp.","Mathematics of Computation","","Amer. Math. Soc., Providence, RI.","0025-5718","N","Y","N"
"Math. Comput. Geom. Data","Mathematics, Computation and Geometry of Data","","Int. Press, Somerville, MA.","2642-1909","N","N","N"
"Math. Comput. Model. Dyn. Syst.","Mathematical and Computer Modelling of Dynamical Systems. Methods, Tools and Applications in Engineering and Related Sciences","","Taylor & Francis, Abingdon.","1387-3954","N","N","N"
"Math. Comput. Sci.","Mathematics in Computer Science","","Birkhauser Verlag, Basel.","1661-8270","N","N","N"
"Math. Comput. Simulation","Mathematics and Computers in Simulation","","Elsevier Sci. B. V., Amsterdam.","0378-4754","N","N","N"
"Math. Control Relat. Fields","Mathematical Control and Related Fields","","Am. Inst. Math. Sci. (AIMS), Springfield, MO.","2156-8472","N","N","N"
"Math. Control Signals Systems","Mathematics of Control, Signals, and Systems","","Springer, Godalming.","0932-4194","N","Y","N"
"Math. Data","Mathematics of Data","","Springer, Cham.","2731-4103","N","N","Y"
"Mathematica","Mathematica","","Ed. Acad. Romane, Bucharest.","1222-9016","N","Y","N"
"Mathematika","Mathematika. A Journal of Pure and Applied Mathematics","","London Math. Soc., London.","0025-5793","N","Y","N"
"Math. Eng.","Mathematical Engineering","","Springer, Cham.","2192-4732","N","N","Y"
"Math. Eng.","Mathematics in Engineering","","Am. Inst. Math. Sci. (AIMS), Springfield, MO.","","N","N","N"
"Math. Eng. Manuf. Manag. Sci.","Mathematical Engineering, Manufacturing, and Management Sciences","","CRC Press, Boca Raton, FL.","","N","N","Y"
"Math. Finance","Mathematical Finance. An International Journal of Mathematics, Statistics and Financial Economics","","Wiley, Hoboken, NJ.","0960-1627","N","N","N"
"Math. Financ. Econ.","Mathematics and Financial Economics","","Springer, Berlin.","1862-9679","N","N","N"
"Math. Forsch. Lehre 16. 17. Jhd.","Mathematishe Forschung und Lehre im 16. und 17. Jahrhundert","Mathematical Research and Teaching in the 16th and 17th Centuries","Kovac, Hamburg.","1869-733X","Y","N","Y"
"Math. Found. Comput. Vis. Mach. Learn. Robot.","Mathematical Foundations for Computer Vision, Machine Learning, and Robotics","","World Sci. Publ., Hackensack, NJ.","","N","N","Y"
"Math. Gaz.","The Mathematical Gazette","","Math. Assoc., Leicester.","0025-5572","N","N","N"
"Math. Geosci.","Mathematical Geosciences","","Springer, Berlin.","1874-8961","N","N","N"
"Math Horiz.","Math Horizons","","Taylor & Francis, Abingdon.","1072-4117","N","N","N"
"Math. Ind.","Mathematics in Industry","","Springer, Heidelberg.","1612-3956","N","N","Y"
"Math. Ind. (Tokyo)","Mathematics for Industry (Tokyo)","","Springer, Tokyo.","2198-350X","N","N","Y"
"Math. Inequal. Appl.","Mathematical Inequalities & Applications","","ELEMENT, Zagreb.","1331-4343","N","Y","N"
"Math. Intelligencer","The Mathematical Intelligencer","","Springer, New York.","0343-6993","N","N","N"
"Math. J. Ibaraki Univ.","Mathematical Journal of Ibaraki University","","Ibaraki Univ., Mito.","1343-3636","N","Y","N"
"Math. J. Okayama Univ.","Mathematical Journal of Okayama University","","Okayama Univ., Dept. Math., Fac. Sci., Okayama.","0030-1566","N","Y","N"
"Math. Kontext","Mathematik im Kontext","Mathematics in Context","Springer, Heidelberg.","2191-074X","N","N","Y"
"Math. Lect. Peking Univ.","Mathematical Lectures from Peking University","","Springer, Heidelberg.","2197-4209","N","N","Y"
"Math. Logic Found.","Mathematical Logic and Foundations","","Coll. Publ., London.","","N","N","Y"
"Math. Mag.","Mathematics Magazine","","Taylor & Francis, Abingdon.","0025-570X","N","N","N"
"Math. Mech. Complex Syst.","Mathematics and Mechanics of Complex Systems","","Math. Sci. Publ., Berkeley, CA.","2326-7186","N","Y","N"
"Math. Mech. Solids","Mathematics and Mechanics of Solids","","Sage, Thousand Oaks, CA.","1081-2865","N","N","N"
"Math. Med. Biol.","Mathematical Medicine and Biology. A Journal of the IMA","","Oxford Univ. Press, Oxford.","1477-8599","N","N","N"
"Math. Methods Appl. Sci.","Mathematical Methods in the Applied Sciences","","Wiley, Oxford.","0170-4214","N","N","N"
"Math. Methods Econ. Finance","Mathematical Methods in Economics and Finance","","Univ. Foscari di Venezia, Dept. Econom., Venice.","1971-6419","N","N","N"
"Math. Methods Oper. Res.","Mathematical Methods of Operations Research","","Springer, Heidelberg.","1432-2994","N","Y","N"
"Math. Methods Statist.","Mathematical Methods of Statistics","","Allerton, New York.","1066-5307","N","Y","N"
"Math. Mind","Mathematics in Mind","","Springer, Cham.","2522-5405","N","N","Y"
"Math. Model. Anal.","Mathematical Modelling and Analysis","","Vilnius Gedim. Tech. Univ., Vilnius.","1392-6292","N","N","N"
"Math. Model. Comput.","Mathematical Modeling and Computation","","SIAM, Philadelphia, PA.","","N","N","Y"
"Math. Model. Nat. Phenom.","Mathematical Modelling of Natural Phenomena","","EDP Sci., Les Ulis.","0973-5348","N","Y","N"
"Math. Models Comput. Simul.","Mathematical Models and Computer Simulations","","MAIK Nauka/Interperiod. Publ., Moscow.","2070-0482","N","N","N"
"Math. Models Methods Appl. Sci.","Mathematical Models and Methods in Applied Sciences","","World Sci. Publ., Singapore.","0218-2025","N","Y","N"
"Math. Montisnigri","Mathematica Montisnigri. Matematika Tsrne Gore","","Univ. Montenegro, Podgorica.","0354-2238","N","N","N"
"Math. Morav.","Mathematica Moravica","","Univ. Kragujevac, Fac. Tech. Sci. Cacak, Cacak.","1450-5932","N","Y","N"
"Math. Nachr.","Mathematische Nachrichten","","Wiley-VCH Verlag, Weinheim.","0025-584X","N","Y","N"
"Math. Neurosci. Appl.","Mathematical Neuroscience and Applications","","Math. Neurosci. Appl., [place of publication not identified].","","N","N","N"
"Math. Newsl.","Mathematics Newsletter","","Ramanujan Mathematical Society, Chennai.","0971-1694","N","N","N"
"Math. Notes","Mathematical Notes","","Pleiades Publishing, Ltd., Road Town.","0001-4346","N","N","N"
"Math. Numer. Sin.","Mathematica Numerica Sinica. Jisuan Shuxue","","Math. Numer. Sin., Editor. Dept., Beijing.","0254-7791","N","Y","N"
"Math. Online First Collect.","Mathematics Online First Collections","","Springer, Cham.","2730-633X","N","N","Y"
"Math. Oper. Res.","Mathematics of Operations Research","","INFORMS, Catonsville, MD.","0364-765X","N","Y","N"
"Math. Pannon. (N. S.)","Mathematica Pannonica. New Series","","Akad. Kiado, Budapest.","0865-2090","N","Y","N"
"Math. Phys. Anal. Geom.","Mathematical Physics, Analysis and Geometry. An International Journal Devoted to the Theory and Applications of Analysis and Geometry to Physics","","Springer, Dordrecht.","1385-0172","N","Y","N"
"Math. Phys. Sci. Technol.","Mathematics and Physics for Science and Technology","","CRC Press, Boca Raton, FL.","","N","N","Y"
"Math. Phys. Stud.","Mathematical Physics Studies","","Springer, Cham.","2352-3905","N","N","Y"
"Math. Planet Earth","Mathematics of Planet Earth","","Springer, Cham.","2524-4264","N","N","Y"
"Math. Planet Earth","Mathematics of Planet Earth","","Springer, Cham.","","N","N","Y"
"Math. Popul. Stud.","Mathematical Population Studies. An International Journal of Mathematical Demography","","Routledge Journals, Taylor & Francis, Ltd., Abingdon.","0889-8480","N","N","N"
"Math. Probl. Comput. Sci.","Mathematical Problems of Computer Science","","Nat. Acad. Sci. Repub. Armenia, Yerevan.","2579-2784","N","N","N"
"Math. Proc. Cambridge Philos. Soc.","Mathematical Proceedings of the Cambridge Philosophical Society","","Cambridge Univ. Press, Cambridge.","0305-0041","N","Y","N"
"Math. Proc. R. Ir. Acad.","Mathematical Proceedings of the Royal Irish Academy","","Roy. Irish Acad., Dublin.","1393-7197","N","Y","N"
"Math. Program.","Mathematical Programming","","Springer, Berlin.","0025-5610","N","Y","N"
"Math. Program. Comput.","Mathematical Programming Computation","","Springer, Berlin.","1867-2949","N","N","N"
"Math. Rep. (Bucur.)","Mathematical Reports (Bucuresti)","","Ed. Acad. Romane, Bucharest.","1582-3067","N","Y","N"
"Math. Res. Lett.","Mathematical Research Letters","","Int. Press, Somerville, MA.","1073-2780","N","Y","N"
"Math. Res. Rep.","Mathematics Research Reports","","MathOA, Amsterdam.","","N","Y","N"
"Math. Scand.","Mathematica Scandinavica","","Aarhus Univ., Aarhus.","0025-5521","N","Y","N"
"Math. Sci. Eng.","Mathematics in Science and Engineering","","Academic Press, London.","0076-5392","N","N","Y"
"Math. Sci. Res. Inst. Publ.","Mathematical Sciences Research Institute Publications","","Cambridge Univ. Press, Cambridge.","","N","N","Y"
"Math. Sci. (Springer)","Mathematical Sciences","","Springer, Berlin.","2008-1359","N","N","N"
"Math. Semesterber.","Mathematische Semesterberichte","","Springer, Berlin.","0720-728X","N","N","N"
"MathS in Action","MathematicS in Action","","Soc. Math. Appl. Indust., Paris.","","N","Y","N"
"Math. Slovaca","Mathematica Slovaca","","De Gruyter, Berlin.","0139-9918","N","Y","N"
"Math. Social Sci.","Mathematical Social Sciences","","Elsevier Sci. B. V., Amsterdam.","0165-4896","N","Y","N"
"Math. Stat. Learn.","Mathematical Statistics and Learning","","EMS Press, Berlin.","2520-2316","N","N","N"
"Math. Stat. Ser.","Mathematics and Statistics Series","","ISTE, London.","","N","N","Y"
"Math. Structures Comput. Sci.","Mathematical Structures in Computer Science. A Journal in the Applications of Categorical, Algebraic and Geometric Methods in Computer Science","","Cambridge Univ. Press, Cambridge.","0960-1295","N","Y","N"
"Math. Student","The Mathematics Student","","Indian Math. Soc., Vadodara.","0025-5742","N","N","N"
"Math. Stud. (Tartu)","Mathematics Studies (Tartu)","","Est. Math. Soc., Tartu.","2346-6502","N","N","Y"
"Math. Study Resour.","Mathematics Study Resources","","Springer, Berlin.","2731-3824","N","N","Y"
"Math. Surveys Monogr.","Mathematical Surveys and Monographs","","Amer. Math. Soc., Providence, RI.","0076-5376","N","N","Y"
"Math. Today (Southend-on-Sea)","Mathematics Today","","Inst. Math. Appl., Southend-on-Sea.","1361-2042","N","N","N"
"Math. Vis.","Mathematics and Visualization","","Springer, Cham.","1612-3786","N","N","Y"
"Math. World","Mathematical World","","Amer. Math. Soc., Providence, RI.","1055-9426","N","N","Y"
"Math. Z.","Mathematische Zeitschrift","","Springer, Berlin.","0025-5874","N","Y","N"
"Matimyas Mat.","Matimyas Matematika","","Math. Soc. Philippines, Quezon City.","0115-6926","N","N","N"
"Mat. Lapok (N.S.)","Matematikai Lapok. New Series","","Janos Bolyai Math. Soc., Budapest.","0025-519X","N","N","N"
"Mat. Mat. Model.","Matematika i Matematicheskoe Modelirovanie","","Mat. Mat. Model., Moscow.","","N","N","N"
"Mat. Model.","Rossiiskaya Akademiya Nauk. Matematicheskoe Modelirovanie","","``Nauka'', Moscow.","0234-0879","N","N","N"
"MATRIX Book Ser.","MATRIX Book Series","","Springer, Cham.","2523-3041","N","N","Y"
"Mat. Sb.","Matematicheskii Sbornik","","Ross. Akad. Nauk, Inst. Mat. im. Steklova (MIAN), Moscow.","0368-8666","N","Y","N"
"Mat. Stud.","Matematichni Studii. Pratsi Lvivskogo Matematichnogo Tovaristva","","Ivan Franko Nat. Univ. Lviv, Lviv.","1027-4634","N","Y","N"
"Mat. Teor. Igr Prilozh.","Matematicheskaya Teoriya Igr i ee Prilozheniya","","Ross. Akad. Nauk, Karel. Nauchn. Tsentra, Inst. Prikl. Mat. Issled., Petrozavodsk.","2074-9872","N","Y","N"
"Mat. Tr.","Matematicheskie Trudy","","Izdat. Ross. Akad. Nauk Sib. Otd. Inst. Mat., Novosibirsk.","1560-750X","N","Y","N"
"Mat. Vesnik","Matematichki Vesnik","","Drustvo Mat. Srbije, Belgrade.","0025-5165","N","Y","N"
"Mat. Vopr. Kriptografii","Matematicheskie Voprosy Kriptografii. Mathematical Aspects of Cryptography","","Ross. Akad. Nauk, Inst. Mat. im. Steklova (MIAN), Moscow.","2220-2617","N","N","N"
"Mat. Zametki","Matematicheskie Zametki","","Ross. Akad. Nauk, Inst. Mat. im. Steklova (MIAN), Moscow.","0025-567X","N","Y","N"
"Meccanica","Meccanica. An International Journal of Theoretical and Applied Mechanics","","Springer, Dordrecht.","0025-6455","N","N","N"
"Mech. Engrg. Ser.","Mechanical Engineering Series","","Springer, Cham.","","N","N","Y"
"Mech. Mach. Sci.","Mechanisms and Machine Science","","Springer, Cham.","2211-0984","N","N","Y"
"Mech. Werkst. Konstr. Bauwes.","Mechanik, Werkstoffe und Konstruktion im Bauwesen","Mechanics, Materials and Construction in Civil Engineering","Springer Vieweg, Wiesbaden.","2512-3238","Y","N","Y"
"Mediev. Early Mod. Philos. Sci.","Medieval and Early Modern Philosophy and Science","","Brill, Leiden.","2468-6808","Y","N","Y"
"Mediterr. J. Math.","Mediterranean Journal of Mathematics","","Birkhauser Verlag, Basel.","1660-5446","N","Y","N"
"Med. Virol. Pathog. Dis. Control","Medical Virology from Pathogenesis to Disease Control","","Springer, Singapore.","2262-981X","N","N","Y"
"Mekh. Tverd. Tela","Natsionalnaya Akademiya Nauk Ukrainy. Institut Prikladnoi Matematiki i Mekhaniki. Mekhanika Tverdogo Tela","","Nats. Akad. Nauk Ukrainy Inst. Prikl. Mat. Mekh., Donetsk.","0321-1975","N","N","N"
"Mem. Amer. Math. Soc.","Memoirs of the American Mathematical Society","","Amer. Math. Soc., Providence, RI.","0065-9266","N","Y","N"
"Mem. Differ. Equ. Math. Phys.","Memoirs on Differential Equations and Mathematical Physics","","TSU Press, Tbilisi.","1512-0015","N","N","N"
"Mem. Eur. Math. Soc.","Memoirs of the European Mathematical Society","","Eur. Math. Soc., Berlin.","2747-9080","N","N","Y"
"Mem. Grad. Sch. Sci. Eng. Shimane Univ. Ser. B Math.","Memoirs of the Graduate School of Science and Engineering. Shimane University. Series B. Mathematics","","Shimane Univ., Interdisciplin. Grad. Sch. Sci. Eng., Matsue.","1342-7121","N","N","N"
"Mem. Inst. Sci. Engrg. Ritsumeikan Univ.","Memoirs of the Institute of Science and Engineering. Ritsumeikan University","","Ritsumeikan Univ., Kusatsu.","0370-4254","N","N","N"
"Mem. Osaka Inst. Tech.","Memoirs of Osaka Institute of Technology","","Osaka Inst. Tech., Osaka.","","N","N","N"
"Mem. Sect. Stiint. Acad. Romana Ser. IV","Academia Romana. Memoriile Sectiilor Stiintifice. Seria IV. Memoirs of the Scientific Sections. Romanian Academy. Series IV","","Ed. Acad. Romane, Bucharest.","1224-1407","N","N","N"
"Mem. Soc. Math. Fr. (N.S.)","Memoires de la Societe Mathematique de France. Nouvelle Serie","","Soc. Math. France, Paris.","0249-633X","N","Y","N"
"Mem. Soc. Mat. Mex.","Memorias de la Sociedad Matematica Mexicana","Papers of the Mexican Mathematical Society","Univ. Nac. Autonoma Mexico, Mexico.","1870-2112","N","N","Y"
"Mens Agit.---Colloquia","Mens Agitat---Colloq.","","Bologna University Press, Bologna.","","Y","N","Y"
"Methodol. Comput. Appl. Probab.","Methodology and Computing in Applied Probability","","Springer, New York.","1387-5841","N","N","N"
"Methods Appl. Anal.","Methods and Applications of Analysis","","Int. Press, Somerville, MA.","1073-2772","N","Y","N"
"Methods Funct. Anal. Topology","Methods of Functional Analysis and Topology","","TBiMC Sci. Publ., Kiev.","1029-3531","N","Y","N"
"Metrika","Metrika. International Journal for Theoretical and Applied Statistics","","Springer, Heidelberg.","0026-1335","N","N","N"
"Metron","Metron","","Springer, Milan.","0026-1424","N","N","N"
"Michel Serres Mater. Futur.","Michel Serres and Material Futures","","Bloomsbury Academic, London.","","Y","N","Y"
"Michigan Math. J.","Michigan Mathematical Journal","","Univ. Michigan, Ann Arbor, MI.","0026-2285","N","Y","N"
"Milan J. Math.","Milan Journal of Mathematics","","Birkhauser Verlag, Basel.","1424-9286","N","Y","N"
"Mind","Mind. A Quarterly Review of Philosophy","","Oxford Univ. Press, Oxford.","0026-4423","N","N","N"
"Mind Mean. Metaphys.","Mind, Meaning and Metaphysics","","Bloomsbury Academic, London.","","Y","N","Y"
"Minimax Theory Appl.","Minimax Theory and its Applications","","Heldermann, Lemgo.","2199-1413","N","Y","N"
"Miscelanea Mat.","Miscelanea Matematica","","Soc. Mat. Mexicana, Mexico.","1665-5478","N","N","N"
"Miskolc Math. Notes","Miskolc Mathematical Notes. A Publication of the University of Miskolc","","Miskolc Univ. Press, Miskolc.","1787-2405","N","Y","N"
"Missouri J. Math. Sci.","Missouri Journal of Mathematical Sciences","","Univ. Central Missouri, Warrensburg, MO.","0899-6180","N","Y","N"
"Mitt. Dtsch. Math.-Ver.","Mitteilungen der Deutschen Mathematiker-Vereinigung","","De Gruyter, Berlin.","0947-4471","N","N","N"
"Mitt. Math. Ges. Hamburg","Mitteilungen der Mathematischen Gesellschaft in Hamburg","","Math. Gesellsch., Hamburg.","0340-4358","N","N","N"
"MLQ Math. Log. Q.","MLQ. Mathematical Logic Quarterly","","Wiley-VCH Verlag, Weinheim.","0942-5616","N","Y","N"
"Mnemosyne Bibl. Class. Batava Suppl.","Mnemosyne. Bibliotheca Classica Batava. Supplementum","","Brill, Leiden.","0169-8958","N","N","Y"
"Mod. Deutung Aristot. Log.","Zur Modernen Deutung der Aristotelischen Logik","On a Modern Interpretation of Aristotelian Logic","Olms, Hildesheim.","0176-0386","N","N","Y"
"Model. Optim. Sci. Technol.","Modeling and Optimization in Science and Technologies","","Springer, Cham.","2196-7334","N","N","Y"
"Model. Simul. Sci. Eng. Technol.","Modeling and Simulation in Science, Engineering and Technology","","Birkhauser/Springer, Cham.","2164-3679","N","N","Y"
"Model Theory","Model Theory","","Math. Sci. Publ., Berkeley, CA.","2832-9058","N","Y","N"
"Modern Phys. Lett. A","Modern Physics Letters A. Particles and Fields, Gravitation, Cosmology, Astrophysics, Nuclear Physics, Accelerator Physics, Quantum Information","","World Sci. Publ., Singapore.","0217-7323","N","N","N"
"Modern Phys. Lett. B","Modern Physics Letters B. Condensed Matter Physics, Statistical Physics, Atomic, Molecular and Optical Physics","","World Sci. Publ., Singapore.","0217-9849","N","N","N"
"Mod. French Identities","Modern French Identities","","Peter Lang, Oxford.","1422-9005","N","N","Y"
"Mod. Stoch. Theory Appl.","Modern Stochastics. Theory and Applications","","VTEX. Solutions for Science Publishing, Vilnius.","2351-6046","N","Y","N"
"Mod. Trends Financ. Eng.","Modern Trends in Financial Engineering","","World Sci. Publ., Hackensack, NJ.","2424-8371","N","N","Y"
"Moduli","Moduli","","","2949-7647","N","N","N"
"Monatsh. Math.","Monatshefte fur Mathematik","","Springer, Vienna.","0026-9255","N","Y","N"
"Mong. Math. J.","Mongolian Mathematical Journal","","Mong. Math. Soc., Ulaanbaatar.","2709-4219","N","N","N"
"Monogr. Inequal.","Monographs in Inequalities","","ELEMENT, Zagreb.","","N","N","Y"
"Monogr. Mat.","Monografie Matematyczne","Mathematical Monographs","PWN, Warsaw.","","N","N","Y"
"Monogr. Mat. Garcia Galdeano","Monografias Matematicas ``Garcia de Galdeano''","Monographs of the ``Garcia de Galdeano'' Mathematics","Prensas Univ. Zaragoza, Zaragoza.","","N","N","Y"
"Monogr. Math.","Monographs in Mathematics","","Birkhauser/Springer Basel AG, Basel.","1017-0480","N","N","Y"
"Monogr. Math. Econ.","Monographs in Mathematical Economics","","Springer, Tokyo.","2364-8279","N","N","Y"
"Monogr. Number Theory","Monographs in Number Theory","","World Sci. Publ., Hackensack, NJ.","1793-8341","N","N","Y"
"Monogr. Res. Notes Math.","Monographs and Research Notes in Mathematics","","CRC Press, Boca Raton, FL.","","N","N","Y"
"Monogr. Statist. Appl. Probab.","Monographs on Statistics and Applied Probability","","CRC Press, Boca Raton, FL.","","N","N","Y"
"Monogr. Theoret. Comput. Sci. EATCS Ser.","Monographs in Theoretical Computer Science. An EATCS Series","","Springer, Cham.","1431-2654","N","N","Y"
"Monte Carlo Methods Appl.","Monte Carlo Methods and Applications","","De Gruyter, Berlin.","0929-9629","N","Y","N"
"Morningside Lect. Math.","Morningside Lectures in Mathematics","","Int. Press, Somerville, MA.","","N","N","Y"
"Moroc. J. Algebra Geom. Appl.","Moroccan Journal of Algebra and Geometry with Applications","","Moroc. J. Algebra Geom. Appl., Fez.","","N","N","N"
"Mosc. Lect.","Moscow Lectures","","Springer, Cham.","2522-0314","N","N","Y"
"Mosc. Math. J.","Moscow Mathematical Journal","","Indep. Univ. Mosc., Moscow.","1609-3321","N","Y","N"
"Moscow Univ. Comput. Math. Cybernet.","Moscow University Computational Mathematics and Cybernetics","","Allerton Press, New York.","0278-6419","N","N","N"
"Moscow Univ. Math. Bull.","Moscow University Mathematics Bulletin","","Allerton Press, New York.","0027-1322","N","N","N"
"Moscow Univ. Phys. Bull.","Moscow University Physics Bulletin","","","0027-1349","N","N","N"
"MOS-SIAM Ser. Optim.","MOS-SIAM Series on Optimization","","SIAM, Philadelphia, PA.","","N","N","Y"
"MS&A. Model. Simul. Appl.","MS&A. Modeling, Simulation and Applications","","Springer, Cham.","2037-5255","N","N","Y"
"MSJ Mem.","MSJ Memoirs","","Math. Soc. Japan, Tokyo.","","N","N","Y"
"MSRI Math. Circ. Libr.","MSRI Mathematical Circles Library","","Math. Sci. Res. Inst., Berkeley, CA.","","N","N","Y"
"Mult. Criteria Decis. Mak.","Multiple Criteria Decision Making","","Springer, Cham.","2366-0023","N","N","Y"
"Multibody Syst. Dyn.","Multibody System Dynamics","","Springer, Dordrecht.","1384-5640","N","N","N"
"Multidiscip. Appl. Opt.","Multidisciplinary and Applied Optics","","CRC Press, Boca Raton, FL.","","Y","N","Y"
"Multiscale Model. Simul.","Multiscale Modeling & Simulation. A SIAM Interdisciplinary Journal","","SIAM, Philadelphia, PA.","1540-3459","N","Y","N"
"Munster J. Math.","Munster Journal of Mathematics","","Univ. Munster, Math. Inst., Munster.","1867-5778","N","Y","N"
"Munst. Lect. Math.","Munster Lectures in Mathematics","","Eur. Math. Soc., Zurich.","2523-5230","N","N","Y"
"MusMat Braz. J. Music Math.","MusMat. Brazilian Journal of Music and Mathematics","","MusMat Res. Group, Rio de Janeiro.","","N","N","N"
"Nagoya Math. J.","Nagoya Mathematical Journal","","Cambridge Univ. Press, Cambridge.","0027-7630","N","Y","N"
"N. Am. Actuar. J.","North American Actuarial Journal","","Routledge/Taylor & Francis, New York.","1092-0277","N","N","N"
"Nanjing Daxue Xuebao Shuxue Bannian Kan","Nanjing Daxue Xuebao. Shuxue Bannian Kan. Nanjing University. Journal. Mathematical Biquarterly","","J. Nanjing Univ., Editor. Board, Nanjing.","0469-5097","N","Y","N"
"Nanjing Shida Xuebao Ziran Kexue Ban","","","","","Y","N","N"
"Nanjing Univ. J. Math. Biquarterly","","","","","Y","N","N"
"Nankai Tracts Math.","Nankai Tracts in Mathematics","","World Sci. Publ., Hackensack, NJ.","1793-1118","N","N","Y"
"Nat. Acad. Sci. Lett.","National Academy Science Letters","","Nat. Acad. Sci., Allahabad.","0250-541X","N","N","N"
"Nat. Comput.","Natural Computing. An International Journal","","Springer, Dordrecht.","1567-7818","N","N","N"
"Nat. Comput. Ser.","Natural Computing Series","","Springer, Cham.","1619-7127","N","N","Y"
"Nat. Resour. Model.","Natural Resource Modeling","","Wiley-Blackwell, Hoboken, NJ.","0890-8575","N","N","N"
"Natur. Sci. Rep. Ochanomizu Univ.","Natural Science Report of the Ochanomizu University","","Ochanomizu Univ., Tokyo.","0029-8190","N","N","N"
"Naval Res. Logist.","Naval Research Logistics","","Wiley, Hoboken, NJ.","0894-069X","N","N","N"
"Necas Center Ser.","Necas Center Series","","Birkhauser/Springer, Cham.","2523-3343","N","N","Y"
"Neliniini Koliv.","Neliniini Kolivannya","","Natsional. Akad. Nauk Ukraini, Inst. Mat., Kiev.","1562-3076","N","N","N"
"Nepali Math. Sci. Rep.","The Nepali Mathematical Sciences Report","","Tribhuvan Univ., Kathmandu.","2392-411X","N","N","N"
"Netw. Heterog. Media","Networks and Heterogeneous Media","","Am. Inst. Math. Sci. (AIMS), Springfield, MO.","1556-1801","N","Y","N"
"Networks","Networks. An International Journal","","Wiley, Hoboken, NJ.","0028-3045","N","Y","N"
"Neural Comput.","Neural Computation","","MIT Press, Cambridge, MA.","0899-7667","N","N","N"
"New Front. Reg. Sci. Asian Perspect.","New Frontiers in Regional Science: Asian Perspectives","","Springer, Tokyo.","2199-5974","N","N","Y"
"New J. Phys.","New Journal of Physics","","IOP, Bristol.","","N","N","N"
"New Math. Methods Syst. Appl. Set","New Mathematical Methods, Systems and Applications Set","","ISTE Press, London.","","N","N","Y"
"New Math. Monogr.","New Mathematical Monographs","","Cambridge Univ. Press, Cambridge.","","N","N","Y"
"Newsl. Nepal Math. Soc.","Newsletter. Nepal Mathematical Society","","Tribhuvan Univ., Kathmandu.","","N","N","N"
"New York J. Math.","New York Journal of Mathematics","","SUNY, Univ. at Albany, Albany, NY.","","N","Y","N"
"New Zealand J. Math.","New Zealand Journal of Mathematics","","Univ. Auckland, Auckland.","1171-6096","N","Y","N"
"Nieuw Arch. Wiskd. (5)","Nieuw Archief voor Wiskunde. Vijfde Serie","","K. Wiskd. Genoot., Amsterdam.","0028-9825","N","N","N"
"Nihonkai Math. J.","Nihonkai Mathematical Journal","","Niigata Univ., Niigata.","1341-9951","N","Y","N"
"NoDEA Nonlinear Differential Equations Appl.","NoDEA. Nonlinear Differential Equations and Applications","","Birkhauser Verlag, Basel.","1021-9722","N","Y","N"
"NODYCON Conf. Proc. Ser.","NODYCON Conference Proceedings Series","","Springer, Cham.","2730-7689","N","N","Y"
"Nonlinear Anal.","Nonlinear Analysis. Theory, Methods & Applications. An International Multidisciplinary Journal","","Elsevier Ltd, Oxford.","0362-546X","N","Y","N"
"Nonlinear Anal. Hybrid Syst.","Nonlinear Analysis. Hybrid Systems","","Elsevier, Oxford.","1751-570X","N","Y","N"
"Nonlinear Anal. Model. Control","Nonlinear Analysis. Modelling and Control","","Inst. Math. Inform., Vilnius Univ., Vilnius.","1392-5113","N","N","N"
"Nonlinear Anal. Real World Appl.","Nonlinear Analysis. Real World Applications. An International Multidisciplinary Journal","","Elsevier Ltd, Oxford.","1468-1218","N","Y","N"
"Nonlinear Dyn. Syst. Theory","Nonlinear Dynamics and Systems Theory. An International Journal of Research and Surveys","","InforMath Publ. Group, Kiev.","1562-8353","N","Y","N"
"Nonlinearity","Nonlinearity","","Inst. Phys., Bristol.","0951-7715","N","Y","N"
"Nonlinear Phys. Sci.","Nonlinear Physical Science","","Springer, Heidelberg.","1867-8440","N","N","Y"
"Nonlinear Stud.","Nonlinear Studies. The International Journal","","I&S Publ., Daytona Beach, FL.","1359-8678","N","N","N"
"Nonlinear Syst. Complex.","Nonlinear Systems and Complexity","","Springer, Cham.","2195-9994","N","N","Y"
"North-West. Eur. J. Math.","North-Western European Journal of Mathematics","","North-West. Eur. J. Math., Villeneuve d'Ascq.","","N","Y","N"
"Notas Mat. Apl.","Notas em Matematica Aplicada","Notes in Applied Mathematics","Soc. Brasil. Mat. Apl. Comput., Sao Carlos.","2236-5915","N","N","Y"
"Note Mat.","Note di Matematica","","Univ. Salento, Lecce.","1123-2536","N","Y","N"
"Notes and Rec.","Notes and Records. The Royal Society Journal of the History of Science","","Roy. Soc. London, London.","0035-9149","N","N","N"
"Notices Amer. Math. Soc.","Notices of the American Mathematical Society","","Amer. Math. Soc., Providence, RI.","0002-9920","N","N","N"
"Notre Dame J. Form. Log.","Notre Dame Journal of Formal Logic","","Duke Univ. Press, Durham, NC.","0029-4527","N","Y","N"
"Nous","Nous","","Wiley-Blackwell, Hoboken, NJ.","0029-4624","N","N","N"
"Nouv. Bibl. Math.","Nouvelle Bibliotheque Mathematique","New Mathematics Library","Cassini, Paris.","","N","N","Y"
"Nouv. Vis. Sci.","Nouvelles Visions des Sciences","New Visions of the Sciences","Spartacus, Paris.","2740-1456","N","N","Y"
"Nuclear Phys. B","Nuclear Physics. B. Theoretical, Phenomenological, and Experimental High Energy Physics. Quantum Field Theory and Statistical Systems","","Elsevier Sci. B. V., Amsterdam.","0550-3213","N","N","N"
"Numer. Algebra Control Optim.","Numerical Algebra, Control and Optimization","","Am. Inst. Math. Sci. (AIMS), Springfield, MO.","2155-3289","N","N","N"
"Numer. Algorithms","Numerical Algorithms","","Springer, Secaucus, NJ.","1017-1398","N","Y","N"
"Numer. Anal. Appl.","Numerical Analysis and Applications","","Pleiades Publishing, Ltd., Wilmington, DE.","1995-4239","N","N","N"
"Numer. Funct. Anal. Optim.","Numerical Functional Analysis and Optimization. An International Journal","","Taylor & Francis, Philadelphia, PA.","0163-0563","N","Y","N"
"Numer. Linear Algebra Appl.","Numerical Linear Algebra with Applications","","Wiley, Oxford.","1070-5325","N","Y","N"
"Numer. Math.","Numerische Mathematik","","Springer, Heidelberg.","0029-599X","N","Y","N"
"Numer. Math. J. Chinese Univ.","Numerical Mathematics. A Journal of Chinese Universities. Gaodeng Xuexiao Jisuan Shuxue Xuebao","","Numer. Math. J. Chinese Univ., Editor. Dept., Nanjing.","1000-081X","N","Y","N"
"Numer. Math. Theory Methods Appl.","Numerical Mathematics. Theory, Methods and Applications","","Glob. Sci. Pr., Hong Kong.","1004-8979","N","Y","N"
"Numer. Methods Eng. Ser.","Numerical Methods in Engineering Series","","Wiley, Hoboken, NJ.","","N","N","Y"
"Numer. Methods Partial Differential Equations","Numerical Methods for Partial Differential Equations. An International Journal","","Wiley, Hoboken, NJ.","0749-159X","N","Y","N"
"OASIcs OpenAccess Ser. Inform.","OASIcs: OpenAccess Series in Informatics","","Schloss Dagstuhl. Leibniz-Zent. Inform. , Wadern.","2190-6807","N","N","Y"
"Oberwolfach Rep.","Oberwolfach Reports","","EMS Press, Berlin.","1660-8933","N","N","N"
"Oberwolfach Semin.","Oberwolfach Seminars","","Birkhauser/Springer, Basel.","1661-237X","N","N","Y"
"Obzornik Mat. Fiz.","Drustvo Matematikov, Fizikov in Astronomov Slovenije. Obzornik za Matematiko in Fiziko. Izdaja","","Drustvo Mat. Fiz. Astronom. Slovenije, Ljubljana.","0473-7466","N","N","N"
"OEuvres Complet. d'Alembert Ser. III. Opuscules et mem. math. 1757--1783","OEuvres Completes de d'Alembert. Serie III. Opuscules et memoires mathematiques, 1757--1783","Complete Works of d'Alembert. Series III. Opuscules and Mathematical Papers, 1757--1783","CNRS Ed., Paris.","","N","N","Y"
"Okon. Anal. Rechts","Okonomische Analyse des Rechts","Economic Analysis of Law","Gabler Verlag, Wiesbaden.","2524-7360","N","N","Y"
"Online J. Anal. Comb.","Online Journal of Analytic Combinatorics","","","","N","Y","N"
"Open Book Ser.","The Open Book Series","","Math. Sci. Publ., Berkeley, CA.","2329-9061","N","N","Y"
"Open Commun. Nonlinear Math. Phys.","Open Communications in Nonlinear Mathematical Physics","","","","N","N","N"
"Open J. Discrete Appl. Math.","Open Journal of Discrete Applied Mathematics. ODAM","","PSR Press, Lahore.","2617-9679","N","N","N"
"Open J. Math. Optim.","Open Journal of Mathematical Optimization (OJMO)","","Open J. Math. Optim., [place of publication not identified].","","N","N","N"
"Open Math.","Open Mathematics","","De Gruyter, Berlin.","","N","N","N"
"Open Syst. Inf. Dyn.","Open Systems & Information Dynamics","","World Sci. Publ., Singapore.","1230-1612","N","N","N"
"Oper. Matrices","Operators and Matrices","","ELEMENT, Zagreb.","1846-3886","N","Y","N"
"Oper. Res.","Operations Research","","INFORMS, Catonsville, MD.","0030-364X","N","N","N"
"Oper. Res. Forum","Operations Research Forum","","Springer, Berlin.","","N","N","N"
"Oper. Res. Lett.","Operations Research Letters","","Elsevier Sci. B. V., Amsterdam.","0167-6377","N","N","N"
"Oper. Res. Perspect.","Operations Research Perspectives","","Elsevier B. V., Amsterdam.","","N","N","N"
"Oper. Res. Proc.","Operations Research Proceedings","","Springer, Cham.","0721-5924","N","N","Y"
"Oper. Res. Trans.","Operations Research Transactions. Yunchouxue Xuebao","","Oper. Res. Trans., Editor. Office, Shanghai.","1007-6093","N","N","N"
"Oper. Theory Adv. Appl.","Operator Theory: Advances and Applications","","Birkhauser/Springer, Cham.","2296-4878","N","N","Y"
"Opsearch","Opsearch. Quarterly Journal of the Operational Research Society of India","","Springer India, New Delhi.","0030-3887","N","N","N"
"Optimal Control Appl. Methods","Optimal Control Applications & Methods","","Wiley, Chichester.","0143-2087","N","N","N"
"Optim. Eng.","Optimization and Engineering. International Multidisciplinary Journal to Promote Optimization Theory & Applications in Engineering Sciences","","Springer, New York.","1389-4420","N","N","N"
"Optimization","Optimization. A Journal of Mathematical Programming and Operations Research","","Taylor & Francis, Abingdon.","0233-1934","N","Y","N"
"Optim. Lett.","Optimization Letters","","Springer, Berlin.","1862-4472","N","Y","N"
"Optim. Methods Softw.","Optimization Methods & Software","","Taylor & Francis, Abingdon.","1055-6788","N","Y","N"
"Opuscula Math.","Opuscula Mathematica","","Wydawnictwa AGH, Krakow.","1232-9274","N","Y","N"
"Orbita Math.","Orbita Mathematicae","","","2993-6144","N","N","N"
"Order","Order. A Journal on the Theory of Ordered Sets and its Applications","","Springer, Dordrecht.","0167-8094","N","Y","N"
"OR Spectrum","OR Spectrum. Quantitative Approaches in Management","","Springer, Heidelberg.","0171-6468","N","N","N"
"Osaka J. Math.","Osaka Journal of Mathematics","","Osaka Univ., Osaka.","0030-6126","N","Y","N"
"Outst. Contrib. Log.","Outstanding Contributions to Logic","","Springer, Cham.","2211-2758","N","N","Y"
"Oxf. Grad. Texts","Oxford Graduate Texts","","Oxford Univ. Press, Oxford.","","N","N","Y"
"Oxford Logic Guides","Oxford Logic Guides","","Oxford Univ. Press, Oxford.","","N","N","Y"
"Oxford Philos. Concepts","Oxford Philosophical Concepts","","Oxford Univ. Press, Oxford.","","N","N","Y"
"Oxford Ser. Realism Quantum Phys.","Oxford Series on Realism in Quantum Physics","","Oxford Univ. Press, Oxford.","","Y","N","Y"
"Oxf. Ser. Mater. Model.","Oxford Series on Materials Modelling","","Oxford Univ. Press, Oxford.","","N","N","Y"
"Pacific J. Math.","Pacific Journal of Mathematics","","Math. Sci. Publ., Berkeley, CA.","0030-8730","N","Y","N"
"Pac. J. Optim.","Pacific Journal of Optimization. An International Journal","","Yokohama Publ., Yokohama.","1348-9151","N","N","N"
"p-Adic Numbers Ultrametric Anal. Appl.","p-Adic Numbers, Ultrametric Analysis, and Applications","","MAIK Nauka/Interperiod. Publ., Moscow.","2070-0466","N","N","N"
"Palest. J. Math.","Palestine Journal of Mathematics","","Palestine Polytech. Univ., Hebron.","","N","N","N"
"Palgrave Companions","Palgrave Companions","","Palgrave Macmillan, Cham.","3004-9172","Y","N","Y"
"Palgrave Philos. Today","Palgrave Philosophy Today","","Palgrave Macmillan, Cham.","2947-9339","Y","N","Y"
"Palgrave Pivots Sports Econ.","Palgrave Pivots in Sports Economics","","Palgrave Macmillan, Cham.","2662-6438","N","N","Y"
"Palgrave Stud. Educ. Philos. Theory","Palgrave Studies in Educational Philosophy and Theory","","Palgrave Macmillan, Cham.","2731-0787","N","N","Y"
"Palgrave Stud. Hist. Sci. Technol.","Palgrave Studies in the History of Science and Technology","","Palgrave Macmillan, Cham.","2730-972X","Y","N","Y"
"Palgrave Stud. Lit. Sci. Med.","Palgrave Studies in Literature, Science and Medicine","","Palgrave Macmillan, Cham.","2634-6435","N","N","Y"
"Palgrave Stud. Sustain. Environ. Macroecon.","Palgrave Studies in Sustainability, Environment and Macroeconomics","","Palgrave Macmillan, Cham.","2635-2621","N","N","Y"
"Panor. Syntheses","Panoramas et Syntheses","Panoramas and Syntheses","Soc. Math. France, Paris.","1272-3835","N","N","Y"
"Parallel Comput.","Parallel Computing. Systems & Applications","","Elsevier, Amsterdam.","0167-8191","N","N","N"
"Parallel Process. Lett.","Parallel Processing Letters","","World Sci. Publ., Singapore.","0129-6264","N","N","N"
"Parallel Robots: Theory Appl.","Parallel Robots: Theory and Applications","","Springer, Cham.","2524-6232","Y","N","Y"
"Partial Differ. Equ. Appl.","Partial Differential Equations and Applications","","Springer, Berlin.","2662-2963","N","N","N"
"Pathw. Math.","Pathways in Mathematics","","Birkhauser/Springer, Cham.","2367-3451","N","N","Y"
"Peirceana","Peirceana","","De Gruyter, Berlin.","2698-7155","N","N","Y"
"Peking Math. J.","Peking Mathematical Journal","","Springer, Singapore.","2096-6075","N","N","N"
"Peking Univ. Ser. Math.","Peking University Series in Mathematics","","World Sci. Publ., Hackensack, NJ.","2010-2240","N","N","Y"
"Period. Math. Hungar.","Periodica Mathematica Hungarica. Journal of the Janos Bolyai Mathematical Society","","Akad. Kiado, Budapest.","0031-5303","N","Y","N"
"Perspect. Form. Induction Revis. Evol.","Perspectives in Formal Induction, Revision and Evolution","","Springer, Singapore.","2731-3689","N","N","Y"
"Perspect. Sci.","Perspectives on Science. Historical, Philosophical, Social","","MIT Press, Cambridge, MA.","1063-6145","N","N","N"
"Pesquimat","Pesquimat","","Universidad Nacional Mayor de San Marcos, Facultad de Ciencias Matematicas, Lima.","1560-912X","N","N","N"
"Pet. Eng.","Petroleum Engineering","","Springer, Cham.","2366-2646","Y","N","Y"
"Philos. Cult. Stud. Revisit./Hist-genet. Stud. Philos. Kult.gesch.","Philosophy and Cultural Studies Revisited/Historisch-genetische Studien zur Philosophie und Kulturgeschichte","","Peter Lang, Oxford.","2510-5353","N","N","Y"
"Philos. Math. (3)","Philosophia Mathematica. Series III","","Oxford Univ. Press, Oxford.","0031-8019","N","N","N"
"Philos. Perspect.","Philosophical Perspectives. A Supplement to Nous","","Wiley-Blackwell, Malden, MA.","1520-8583","N","N","Y"
"Philos. Sci.","Philosophy of Science","","Cambridge Univ. Press, Cambridge.","0031-8248","N","N","N"
"Philos. Sci. (Paris)","Philosophia Scientiae. Travaux d'Histoire des Sciences et de Philosophie","","Editions Kime, Paris.","1281-2463","N","N","N"
"Philos. Stud.","Philosophical Studies. An International Journal for Philosophy in the Analytic Tradition","","Springer, Dordrecht.","0031-8116","N","N","N"
"Philos. Trans. Roy. Soc. A","Philosophical Transactions of the Royal Society A. Mathematical, Physical and Engineering Sciences","","Roy. Soc. London, London.","1364-503X","N","N","N"
"Phys. A","Physica A. Statistical Mechanics and its Applications","","Elsevier B. V., Amsterdam.","0378-4371","N","N","N"
"Phys. D","Physica D. Nonlinear Phenomena","","Elsevier Sci. B. V., Amsterdam.","0167-2789","N","N","N"
"Phys. Lett. A","Physics Letters. A","","Elsevier B. V., Amsterdam.","0375-9601","N","N","N"
"Phys. Lett. B","Physics Letters. B. Particle Physics, Nuclear Physics and Cosmology","","Elsevier B. V., Amsterdam.","0370-2693","N","N","N"
"Phys. Rep.","Physics Reports. A Review Section of Physics Letters","","Elsevier Sci. B. V., Amsterdam.","0370-1573","N","N","N"
"Phys. Rev. A","Physical Review A","","Amer. Phys. Soc. APS, College Park, MD.","2469-9926","N","N","N"
"Phys. Rev. D","Physical Review D","","Amer. Phys. Soc. APS, College Park, MD.","2470-0010","N","N","N"
"Phys. Rev. E","Physical Review E","","Amer. Phys. Soc. APS, College Park, MD.","2470-0045","N","N","N"
"Phys. Rev. Lett.","Physical Review Letters","","Amer. Phys. Soc. APS, College Park, MD.","0031-9007","N","N","N"
"Pi Mu Epsilon J.","Pi Mu Epsilon Journal","","Pi Mu Epsilon Journal, Worcester, MA.","0031-952X","N","N","N"
"Pioneers Arts Humanit. Sci. Eng. Pract.","Pioneers in Arts, Humanities, Science, Engineering, Practice","","Springer, Cham.","2509-5579","Y","N","Y"
"PNLDE Subser. Control","PNLDE Subseries in Control","","Birkhauser/Springer, Cham.","2731-7366","N","N","Y"
"Poincare J. Anal. Appl.","Poincare Journal of Analysis and Applications","","Poincare Publ., Ghaziabad.","2349-6789","N","N","N"
"Pol. Contemp. Philos. Philos. Humanit.","Polish Contemporary Philosophy and Philosophical Humanities","","Peter Lang, Frankfurt am Main.","2191-1878","N","N","Y"
"PoliMI SpringerBriefs","PoliMI SpringerBriefs","","Springer, Milan.","2282-2577","N","N","Y"
"Politehn. Univ. Bucharest Sci. Bull. Ser. A Appl. Math. Phys.","``Politehnica'' University of Bucharest. Scientific Bulletin. Series A. Applied Mathematics and Physics","","``Politeh.'' Univ. Buchar., Bucharest.","1223-7027","N","N","N"
"PoliTO Springer Ser.","PoliTO Springer Series","","Springer, Cham.","2509-6796","N","N","Y"
"Popul. Stud. Japan","Population Studies of Japan","","Springer, Singapore.","2198-2724","N","N","Y"
"Port. Math.","Portugaliae Mathematica. A Journal of the Portuguese Mathematical Society","","EMS Press, Berlin.","0032-5155","N","Y","N"
"Poseb. izd. od. prir. mat. nauka","Posebna izdanja. Odjeljenje prirodnih i matematiickih nauka","Special Editions. Department of Natural and Mathematical Sciences","Akad. Nauk. i Umjetnost. Bosne i Hercegovine, Sarajevo.","","N","N","Y"
"Positivity","Positivity. An International Mathematics Journal Devoted to Theory and Applications of Positivity","","Birkhauser Verlag, Basel.","1385-1292","N","Y","N"
"Potential Anal.","Potential Analysis. An International Journal Devoted to the Interactions between Potential Theory, Probability Theory, Geometry and Functional Analysis","","Springer, Dordrecht.","0926-2601","N","Y","N"
"Power Syst.","Power Systems","","Springer, Cham.","1612-1287","N","N","Y"
"Prikl. Diskretn. Mat.","Prikladnaya Diskretnaya Matematika","","Izdat. Tomsk. Univ., Tomsk.","2071-0410","N","N","N"
"Pril. Odd. Prir.-Mat. Biotekhnichki Nauki","Prilozi. Oddelenie za Prirodno-Matematichki i Biotekhnichki Nauki. Contributions. Section of Natural, Mathematical and Biotechnical Sciences","","Macedonian Acad. Sci. Arts, Skopje.","1857-9027","N","N","N"
"Princeton Math. Ser.","Princeton Mathematical Series","","Princeton Univ. Press, Princeton, NJ.","","N","N","Y"
"Princeton Sci. Lib.","Princeton Science Library","","Princeton Univ. Press, Princeton, NJ.","","N","N","Y"
"Princeton Ser. Appl. Math.","Princeton Series in Applied Mathematics","","Princeton Univ. Press, Princeton, NJ.","","N","N","Y"
"Probab. Appl.","Probability and its Applications","","Birkhauser/Springer, Cham.","2297-0371","N","N","Y"
"Probab. Engrg. Inform. Sci.","Probability in the Engineering and Informational Sciences","","Cambridge Univ. Press, New York.","0269-9648","N","Y","N"
"Probab. Math. Phys.","Probability and Mathematical Physics","","Math. Sci. Publ., Berkeley, CA.","2690-0998","N","N","N"
"Probab. Math. Statist.","Probability and Mathematical Statistics","","Wydawn. Uniw. Wroclaw., Wroclaw.","0208-4147","N","Y","N"
"Probab. Surv.","Probability Surveys","","Inst. Math. Statist., Waite Hill, OH.","","N","Y","N"
"Probab. Theory Related Fields","Probability Theory and Related Fields","","Springer, Berlin.","0178-8051","N","Y","N"
"Probab. Theory Stoch. Model.","Probability Theory and Stochastic Modelling","","Springer, Cham.","2199-3149","N","N","Y"
"Probab. Uncertain. Quant. Risk","Probability, Uncertainty and Quantitative Risk","","","2095-9672","N","N","N"
"Probl. Anal. Issues Anal.","Problemy Analiza. Issues of Analysis","","Petrozavodsk. Gos. Univ., Petrozavodsk.","2306-3424","N","Y","N"
"Probl. Books in Math.","Problem Books in Mathematics","","Springer, Cham.","0941-3502","N","N","Y"
"Problemy Peredachi Informatsii","Rossiiskaya Akademiya Nauk. Problemy Peredachi Informatsii","","``Nauka'', Moscow.","0555-2923","N","N","N"
"Probl. Inf. Transm.","Problems of Information Transmission","","Pleiades Publishing, Ltd., Wilmington, DE.","0032-9460","N","N","N"
"Probl. Solving Math. Beyond","Problem Solving in Mathematics and Beyond","","World Sci. Publ., Hackensack, NJ.","","N","N","Y"
"Proc. A.","Proceedings A","","Roy. Soc. London, London.","1364-5021","N","N","N"
"Proc. Amer. Math. Soc.","Proceedings of the American Mathematical Society","","Amer. Math. Soc., Providence, RI.","0002-9939","N","Y","N"
"Proc. Amer. Math. Soc. Ser. B","Proceedings of the American Mathematical Society. Series B","","Amer. Math. Soc., Providence, RI.","","N","Y","N"
"Proc. Edinb. Math. Soc. (2)","Proceedings of the Edinburgh Mathematical Society. Series II","","Cambridge Univ. Press, Cambridge.","0013-0915","N","Y","N"
"Proceed. Canad. Soc. Hist. Philos. Math.","Proceedings of the Canadian Society for History and Philosophy of Mathematics/La Societe Canadienne d'Histoire et de Philosophie des Mathematiques","","Birkhauser/Springer, Cham.","2366-3308","N","N","Y"
"Proc. Est. Acad. Sci.","Proceedings of the Estonian Academy of Sciences","","Est. Acad. Publ., Tallinn.","1736-6046","N","N","N"
"Proc. Indian Acad. Sci. Math. Sci.","Indian Academy of Sciences. Proceedings. Mathematical Sciences","","Indian Acad. Sci., Bangalore.","0253-4142","N","N","N"
"Proc. Inst. Math. Mech. Natl. Acad. Sci. Azerb.","Proceedings of Institute of Mathematics and Mechanics. National Academy of Sciences of Azerbaijan","","National Academy of Sciences of Azerbaijan, Institute of Mathematics and Mechanics, Baku.","2409-4986","N","N","N"
"Proc. Inst. Statist. Math.","Proceedings of the Institute of Statistical Mathematics","","Inst. Statist. Math., Tokyo.","0912-6112","N","N","N"
"Proc. Int. Geom. Cent.","Proceedings of the International Geometry Center","","Odessa Nat. Univ. Technol., Odessa.","2072-9812","N","N","N"
"Proc. I. Vekua Inst. Appl. Math.","Proceedings of Ilia Vekua Institute of Applied Mathematics","","Tbilisi Univ. Press, Tbilisi.","1512-004X","N","N","N"
"Proc. Jangjeon Math. Soc.","Proceedings of the Jangjeon Mathematical Society. Memoirs of the Jangjeon Mathematical Society","","Jangjeon Math. Soc., Hapcheon.","1598-7264","N","Y","N"
"Proc. Japan Acad. Ser. A Math. Sci.","Japan Academy. Proceedings. Series A. Mathematical Sciences","","Japan Acad., Tokyo.","0386-2194","N","Y","N"
"Proc. Lond. Math. Soc. (3)","Proceedings of the London Mathematical Society. Third Series","","London Math. Soc., London.","0024-6115","N","Y","N"
"Proc. Mach. Learn. Res. (PMLR)","Proceedings of Machine Learning Research (PMLR)","","Proceedings of Machine Learning Research PMLR, [place of publication not identified].","1938-7228","N","N","Y"
"Proc. Nat. Acad. Sci. India Sect. A","Proceedings of the National Academy of Sciences, India. Section A. Physical Sciences","","Nat. Acad. Sci., Allahabad.","0369-8203","N","N","N"
"Proc. Natl. Acad. Sci. USA","Proceedings of the National Academy of Sciences of the United States of America","","Nat. Acad. Sci., Washington, DC.","0027-8424","N","N","N"
"Proc. Pak. Acad. Sci. A","Proceedings of the Pakistan Academy of Sciences. A. Physical and Computational Sciences","","Pakistan Acad. Sci., Islamabad.","2518-4245","N","N","N"
"Proc. Pure Appl. Math.","Proceedings in Pure and Applied Mathematics","","Academic Services, Wilmington, DE.","","N","N","Y"
"Proc. Rom. Acad. Ser. A Math. Phys. Tech. Sci. Inf. Sci.","Proceedings of the Romanian Academy. Series A. Mathematics, Physics, Technical Sciences, Information Science","","Ed. Acad. Romane, Bucharest.","1454-9069","N","N","N"
"Proc. Roy. Soc. Edinburgh Sect. A","Proceedings of the Royal Society of Edinburgh. Section A. Mathematics","","Royal Soc. Edinburgh, Edinburgh.","0308-2105","N","Y","N"
"Proc. Steklov Inst. Math.","Proceedings of the Steklov Institute of Mathematics","","MAIK Nauka/Interperiod. Publ., Moscow.","0081-5438","N","N","N"
"Proc. Sympos. Appl. Math.","Proceedings of Symposia in Applied Mathematics","","Amer. Math. Soc., Providence, RI.","0160-7634","N","N","Y"
"Proc. Sympos. Pure Math.","Proceedings of Symposia in Pure Mathematics","","Amer. Math. Soc., Providence, RI.","0082-0717","N","N","Y"
"PROfil","PROfil","","EDP Sci., [Les Ulis].","","N","N","Y"
"Prog. Comput. Fluid Dyn.","Progress in Computational Fluid Dynamics. An International Journal","","Indersci. Enterp. Ltd., Geneva.","1468-4349","N","N","N"
"Prog. IS","Progress in IS","","Springer, Cham.","2196-8705","Y","N","Y"
"Prog. Math. Phys.","Progress in Mathematical Physics","","Birkhauser/Springer, Cham.","1544-9998","N","N","Y"
"Program. Comput. Softw.","Programming and Computer Software","","Pleiades Publishing, Ltd., Road Town.","0361-7688","N","N","N"
"Progr. Math.","Progress in Mathematics","","Birkhauser/Springer, Basel.","0743-1643","N","N","Y"
"Progr. Nonlinear Differential Equations Appl.","Progress in Nonlinear Differential Equations and their Applications","","Birkhauser/Springer, Cham.","1421-1750","N","N","Y"
"Progr. Probab.","Progress in Probability","","Birkhauser/Springer, Basel.","1050-6977","N","N","Y"
"Projeto Euclides","Projeto Euclides","Euclid Project","Inst. Mat. Pura Apl. (IMPA), Rio de Janeiro.","","N","N","Y"
"Pro Math.","Pro Mathematica","","Pontif. Univ. Catol. Peru, Lima.","","N","N","N"
"Proyecciones","Proyecciones. Journal of Mathematics","","Univ. Catol. Norte, Antofagasta.","0716-0917","N","Y","N"
"Pseudo Diff. Oper.","Pseudo-Differential Operators. Theory and Applications","","Birkhauser/Springer, Cham.","2297-0355","N","N","Y"
"Psychometrika","Psychometrika","","","0033-3123","N","N","N"
"PTEP. Prog. Theor. Exp. Phys.","PTEP. Progress of Theoretical and Experimental Physics","","Oxford Univ. Press, Oxford.","","N","N","N"
"Ptolemaeus Arab. Lat., Stud.","Ptolemaeus Arabus et Latinus. Studies","","Brepols, Turnhout.","2736-7274","N","N","Y"
"Publ. Arch. Henri-Poincare","Publications des Archives Henri-Poincare","Publications of the Henri Poincare Archives","Birkhauser/Springer, Basel.","2504-3714","N","N","Y"
"Publ. Austrian Ludwig Wittgenstein Soc. New Ser.","Publications of the Austrian Ludwig Wittgenstein Society. New Series","","De Gruyter, Berlin.","2191-8449","N","N","Y"
"Publ. Inst. Math. (Beograd) (N.S.)","Institut Mathematique. Publications. Nouvelle Serie","","Institut Mathematique, Belgrade.","0350-1302","N","Y","N"
"Publ. Mat.","Publicacions Matematiques","","Univ. Autonoma Barcelona, Barcelona.","0214-1493","N","Y","N"
"Publ. Math. Besancon Algebre Theorie Nr.","Publications Mathematiques de Besancon. Algebre et Theorie des Nombres","Mathematical Publications of Besancon, Algebra and Number Theory","Presses Univ. Franche-Comte, Besancon.","1958-7236","N","N","Y"
"Publ. Math. Debrecen","Publicationes Mathematicae Debrecen","","Inst. Math. Univ. Debrecen, Debrecen.","0033-3883","N","Y","N"
"Publ. Math. Inst. Hautes Etudes Sci.","Publications Mathematiques. Institut de Hautes Etudes Scientifiques","","Springer, Berlin.","0073-8301","N","Y","N"
"Publ. Mat. IMPA","Publicacoes Matematicas do IMPA","IMPA Mathematical Publications","Inst. Nac. Mat. Pura Apl. (IMPA), Rio de Janeiro.","","N","N","Y"
"Publ. Mat. Urug.","Publicaciones Matematicas del Uruguay","","Univ. Republica, Montevideo.","0797-1443","N","Y","N"
"Publ. Res. Inst. Math. Sci.","Publications of the Research Institute for Mathematical Sciences","","EMS Press, Berlin.","0034-5318","N","Y","N"
"PUMP J. Undergrad. Res.","The PUMP Journal of Undergraduate Research","","California State University, Carson, CA.","2765-8724","N","N","N"
"Punjab Univ. J. Math. (Lahore)","The Punjab University. Journal of Mathematics","","Univ. Punjab, Lahore.","1016-2526","N","N","N"
"Pure Appl. Anal.","Pure and Applied Analysis","","Math. Sci. Publ., Berkeley, CA.","2578-5885","N","Y","N"
"Pure Appl. Funct. Anal.","Pure and Applied Functional Analysis","","Yokohama Publ., Yokohama.","2189-3756","N","N","N"
"Pure Appl. Math. Q.","Pure and Applied Mathematics Quarterly","","Int. Press, Somerville, MA.","1558-8599","N","Y","N"
"Pure Appl. Undergrad. Texts","Pure and Applied Undergraduate Texts","","Amer. Math. Soc., Providence, RI.","1943-9334","N","N","Y"
"Pure Math. Appl. (PU.M.A.)","Pure Mathematics and Applications. PU.M.A.","","Sciendo, Warsaw.","1218-4586","N","Y","N"
"Q. J. Math.","The Quarterly Journal of Mathematics","","Oxford Univ. Press, Oxford.","0033-5606","N","Y","N"
"QP--PQ: Quantum Probab. White Noise Anal.","QP--PQ: Quantum Probability and White Noise Analysis","","World Sci. Publ., Hackensack, NJ.","1793-5121","N","N","Y"
"Quadrature","Quadrature. Magazine de Mathematiques Pures et Epicees","","Quadrature, Revigny-sur-Ornain.","1142-2785","N","N","N"
"Quaest. Math.","Quaestiones Mathematicae. Journal of the South African Mathematical Society","","NISC, Grahamstown.","1607-3606","N","Y","N"
"Qual. Theory Dyn. Syst.","Qualitative Theory of Dynamical Systems","","Birkhauser Verlag, Basel.","1575-5460","N","Y","N"
"Quant. Econ.","Quantitative Economics","","Econometric Soc., New York.","1759-7323","N","N","N"
"Quant. Finance","Quantitative Finance","","Routledge Journals, Taylor & Francis, Ltd., Abingdon.","1469-7688","N","N","N"
"Quantum Inf. Comput.","Quantum Information & Computation","","Cerebration Sci. Publ., Kowloon.","1533-7146","N","N","N"
"Quantum Inf. Process.","Quantum Information Processing","","Springer, New York.","1570-0755","N","N","N"
"Quantum Sci. Technol.","Quantum Science and Technology","","Springer, Heidelberg.","2364-9054","N","N","Y"
"Quantum Stud. Math. Found.","Quantum Studies. Mathematics and Foundations","","Birkhauser Verlag, Basel.","2196-5609","N","N","N"
"Quantum Topol.","Quantum Topology","","EMS Press, Berlin.","1663-487X","N","Y","N"
"Quart. Appl. Math.","Quarterly of Applied Mathematics","","Brown Univ., Div. Appl. Math., Providence, RI.","0033-569X","N","Y","N"
"Quart. J. Mech. Appl. Math.","The Quarterly Journal of Mechanics and Applied Mathematics","","Oxford Univ. Press, Oxford.","0033-5614","N","N","N"
"Quasigroups Related Systems","Quasigroups and Related Systems","","Acad. Sci. Moldova, Inst. Math., Chisinau.","1561-2848","N","Y","N"
"Quellen Leben Wirk. Adam Ries Sohne","Quellen zum Leben und Wirken Adam Ries' und seiner Sohne","Sources on the Life and Work of Adam Ries and his Sons","Adam-Ries-Bund, Annaberg-Buchholz.","","N","N","Y"
"Questions Answers Gen. Topology","Questions and Answers in General Topology","","Sympos. Gen. Topology, Matsue.","0918-4732","N","Y","N"
"Queueing Syst.","Queueing Systems. Theory and Applications","","Springer, New York.","0257-0130","N","Y","N"
"Rad Hrvat. Akad. Znan. Umjet. Mat. Znan.","Rad Hrvatske Akademije Znanosti i Umjetnosti. Matematicke Znanosti","","Hrvat. Akad. Znan. Umjet., Zagreb.","1845-4100","N","Y","N"
"Radon Ser. Comput. Appl. Math.","Radon Series on Computational and Applied Mathematics","","De Gruyter, Berlin.","1865-3707","N","N","Y"
"RAIRO Oper. Res.","RAIRO Operations Research","","EDP Sci., Les Ulis.","","N","N","N"
"RAIRO Theor. Inform. Appl. (RAIRO:ITA)","RAIRO Theoretical Informatics and Applications (RAIRO: ITA)","","EDP Sci., Les Ulis.","","N","Y","N"
"Ramanujan J.","Ramanujan Journal. An International Journal Devoted to the Areas of Mathematics Influenced by Ramanujan","","Springer, Secaucus, NJ.","1382-4090","N","Y","N"
"Random Matrices Theory Appl.","Random Matrices. Theory and Applications","","World Sci. Publishing, Singapore.","2010-3263","N","Y","N"
"Random Oper. Stoch. Equ.","Random Operators and Stochastic Equations","","De Gruyter, Berlin.","0926-6364","N","Y","N"
"Random Structures Algorithms","Random Structures & Algorithms","","Wiley, Hoboken, NJ.","1042-9832","N","Y","N"
"Read. Math.","Readings in Mathematics","","Springer, New York.","","N","N","Y"
"Real Anal. Exchange","Real Analysis Exchange","","Michigan State Univ. Press, East Lansing, MI.","0147-1937","N","Y","N"
"Recreat. Math. Mag.","Recreational Mathematics Magazine","","Assoc. Ludus, Lisbon.","","N","N","N"
"Regul. Chaotic Dyn.","Regular and Chaotic Dynamics. International Scientific Journal","","MAIK Nauka/Interperiod. Publ., Moscow.","1560-3547","N","Y","N"
"Reliab. Comput.","Reliable Computing","","University of Texas at El Paso, El Paso, TX.","","N","Y","N"
"Remaking Econ. Eminent Post-War Econ.","Remaking Economics: Eminent Post-War Economists","","Palgrave Macmillan, Cham.","","N","N","Y"
"Rend. Circ. Mat. Palermo (2)","Rendiconti del Circolo Matematico di Palermo. Second Series","","Springer Italia, Milan.","0009-725X","N","Y","N"
"Rend. Istit. Mat. Univ. Trieste","Rendiconti dell'Istituto di Matematica dell'Universita di Trieste. An International Journal of Mathematics","","Universita degli Studi di Trieste, Dipartimento di Matematica e Geoscienze, Trieste.","0049-4704","N","Y","N"
"Rend. Mat. Appl. (7)","Rendiconti di Matematica e delle sue Applicazioni. Serie VII","","Univ. Studi Roma ``La Sapienza'', Rome.","1120-7183","N","Y","N"
"Rend. Semin. Mat. Univ. Padova","Rendiconti del Seminario Matematico della Universita di Padova","","EMS Press, Berlin.","0041-8994","N","Y","N"
"Rend. Semin. Mat. Univ. Politec. Torino","Rendiconti del Seminario Matematico. Universita e Politecnico Torino","","Univ. Torino, Turin.","0373-1243","N","Y","N"
"Rep. Math. Logic","Reports on Mathematical Logic","","Jagiellonian Univ. Press, Krakow.","0137-2904","N","Y","N"
"Rep. Math. Phys.","Reports on Mathematical Physics","","Elsevier B. V., Amsterdam.","0034-4877","N","Y","N"
"Rep. Progr. Phys.","Reports on Progress in Physics","","Inst. Phys., Bristol.","0034-4885","N","N","N"
"Represent. Theory","Representation Theory. An Electronic Journal of the American Mathematical Society","","Amer. Math. Soc., Providence, RI.","","N","Y","N"
"Repr. Theory Appl. Categ.","Reprints in Theory and Applications of Categories","","Theory Appl. Categ., Sackville, NB.","","N","Y","N"
"Rep. SCM","Reports SCM","","Soc. Catalana Mat., Inst. Estudis Cat., Barcelona.","","N","N","N"
"Res. Intell. Manuf. (RIMS)","Research on Intelligent Manufacturing (RIMS)","","Springer, Singapore.","2523-3386","N","N","Y"
"Res. Math.","Research in Mathematics","","Taylor & Francis, Abingdon.","","N","N","N"
"Res. Math. Educ.","Research in Mathematics Education","","Springer, Cham.","2570-4729","Y","N","Y"
"Res. Math. Sci.","Research in the Mathematical Sciences","","Springer, Berlin.","2522-0144","N","Y","N"
"Res. Number Theory","Research in Number Theory","","Springer, Berlin.","2522-0160","N","Y","N"
"Res. Perspect. Ghent Anal. PDE Cent.","Research Perspectives Ghent Analysis and PDE Center","","Birkhauser/Springer, Cham.","2948-1724","N","N","Y"
"Res. Summ.","Research Summaries","","Birkhauser/Springer, Cham.","2731-7323","Y","N","Y"
"Results Appl. Math.","Results in Applied Mathematics","","Elsevier B. V., Amsterdam.","","N","N","N"
"Results Math.","Results in Mathematics","","Birkhauser Verlag, Basel.","1422-6383","N","Y","N"
"Rev. Acad. Colombiana Cienc. Exact. Fis. Natur.","Academia Colombiana de Ciencias Exactas, Fisicas y Naturales. Revista","","Acad. Colombiana Cienc. Exact. Fis. Natur., Bogota.","0370-3908","N","N","N"
"Rev. Bras. Hist. Mat.","Revista Brasileira de Historia da Matematica. An International Journal on the History of Mathematics","","Sociedade Brasileira de Historia da Matematica, Natal.","1519-955X","N","N","N"
"Rev. Colombiana Estadist.","Revista Colombiana de Estadistica","","Univ. Nac. Colombia, Fac. Cienc. Dept. Estad., Bogota.","0120-1751","N","N","N"
"Rev. Colombiana Mat.","Revista Colombiana de Matematicas","","Soc. Colombiana Mat., Bogota.","0034-7426","N","Y","N"
"Rev. Econ. Des.","Review of Economic Design","","Springer, Berlin.","1434-4742","N","N","N"
"Rev. Econ. Stud.","Review of Economic Studies","","Oxford Univ. Press, Oxford.","0034-6527","N","N","N"
"Rev. Histoire Math.","Revue d'Histoire des Mathematiques. Journal for the History of Mathematics","","Soc. Math. France, Marseille.","1262-022X","N","Y","N"
"Rev. Hist. Sci.","Revue d'Histoire des Sciences","","Colin, Paris.","0151-4105","N","N","N"
"Rev. Integr. Temas Mat.","Revista Integracion. Temas de Matematicas","","Univ. Indust. Santander, Bucaramanga.","0120-419X","N","N","N"
"Rev. Int. Metod. Numer. Calc. Diseno Ing.","Revista Internacional de Metodos Numericos para Calculo y Diseno en Ingenieria","","Scipedia S. L., Barcelona.","0213-1315","N","N","N"
"Rev. Latinoam. Etnomat.","Revista Latinoamericana de Etnomatematica. Perspectivas Socioculturales de la Educacion Matematica","","Univ. Narino, Dept. Mat. y Estad., Pasto.","","N","N","N"
"Rev. Mat. Complut.","Revista Matematica Complutense","","Springer Italia, Milan.","1139-1138","N","Y","N"
"Rev. Math. Phys.","Reviews in Mathematical Physics. A Journal for Both Review and Original Research Papers in the Field of Mathematical Physics","","World Sci. Publ., Singapore.","0129-055X","N","Y","N"
"Rev. Mat. Iberoam.","Revista Matematica Iberoamericana","","EMS Press, Berlin.","0213-2230","N","Y","N"
"Rev. Mat. Teor. Apl.","Revista de Matematica. Teoria y Aplicaciones","","Centro Invest. Mat. Pura Apl. (CIMPA), San Jose.","1409-2433","N","N","N"
"Rev. Mex. Fis. E","Revista Mexicana de Fisica E. Publicacion de Ensenanza, Historia y Filosofia de la Sociedad Mexicana de Fisica","","Soc. Mex. Fis., Mexico.","1870-3542","N","N","N"
"Rev. Mexicana Fis.","Revista Mexicana de Fisica","","Soc. Mex. Fis., Mexico.","0035-001X","N","N","N"
"Rev. Modern Phys.","Reviews of Modern Physics","","Amer. Phys. Soc. APS, College Park, MD.","0034-6861","N","N","N"
"Rev. R. Acad. Cienc. Exactas Fis. Nat. Ser. A Mat. RACSAM","Revista de la Real Academia de Ciencias Exactas, Fisicas y Naturales. Serie A. Matematicas. RACSAM","","Springer Italia, Milan.","1578-7303","N","N","N"
"Rev. R. Acad. Cienc. Exactas Fis. Quim. Nat. Zaragoza (2)","Revista de la Real Academia de Ciencias Exactas, Fisicas, Quimicas y Naturales de Zaragoza. Serie 2","","Acad. Cienc. Exact. Fis. Quim. Nat. Zaragoza, Zaragoza.","0370-3207","N","N","N"
"Rev. Roumaine Math. Pures Appl.","Revue Roumaine de Mathematiques Pures et Appliquees. Romanian Journal of Pure and Applied Mathematics","","Ed. Acad. Romane, Bucharest.","0035-3965","N","Y","N"
"REVSTAT","REVSTAT Statistical Journal","","Inst. Nac. Estat. (INE), Lisbon.","1645-6726","N","N","N"
"Rev. Symb. Log.","The Review of Symbolic Logic","","Cambridge Univ. Press, Cambridge.","1755-0203","N","Y","N"
"Rev. Synth. (7)","Revue de Synthese. 7e Serie","","","0035-1776","N","N","N"
"Rev. Un. Mat. Argentina","Revista de la Union Matematica Argentina","","Union Mat. Argentina, Bahia Blanca.","0041-6932","N","Y","N"
"Ric. Mat.","Ricerche di Matematica. A Journal of Pure and Applied Mathematics","","Springer Italia, Milan.","0035-5038","N","Y","N"
"RIMS Kokyuroku Bessatsu","RIMS Kokyuroku Bessatsu","Series of Lecture Notes from RIMS","Res. Inst. Math. Sci. (RIMS), Kyoto.","1881-6193","N","N","Y"
"River Publ. Ser. Math. Eng. Sci.","River Publishers Series in Mathematical and Engineering Sciences","","River Publishers, Gistrup.","","N","N","Y"
"River Publ. Ser. Math. Stat. Comput. Model. Eng.","River Publishers Series in Mathematical, Statistical and Computational Modelling for Engineering","","River Publishers, Gistrup.","","Y","N","Y"
"Riv. Math. Univ. Parma (N.S.)","Rivista di Matematica della Universita di Parma. New Series. A Journal of Pure and Applied Mathematics","","Univ. Parma, Parma.","0035-6298","N","Y","N"
"RNA Technol.","RNA Technologies","","Springer, Cham.","2197-9731","Y","N","Y"
"Rocky Mountain J. Math.","The Rocky Mountain Journal of Mathematics","","Rocky Mountain Math. Consortium, Phoenix, AZ.","0035-7596","N","Y","N"
"Rom. J. Math. Comput. Sci.","Romanian Journal of Mathematics and Computer Science","","Tech. Univ. Civil Eng., Bucharest.","","N","Y","N"
"Rom. J. Tech. Sci. Appl. Mech.","Romanian Journal of Technical Sciences. Applied Mechanics","","Ed. Acad. Romane, Bucharest.","2601-5811","N","N","N"
"Rose-Hulman Undergrad. Math. J.","Rose-Hulman Undergraduate Mathematics Journal","","Rose-Hulman Inst. Tech., Terre Haute, IN.","","N","N","N"
"Rostock. Math. Kolloq.","Rostocker Mathematisches Kolloquium","","Univ. Rostock, Rostock.","0138-3248","N","N","N"
"Routledge Res. Early Mod. Hist.","Routledge Research in Early Modern History","","Routledge, New York.","","Y","N","Y"
"RSA Ser. Transdiscipl. Rhetor.","The RSA Series in Transdisciplinary Rhetoric","","Pennsylvania State Univ. Press, University Park, PA.","","N","N","Y"
"RSME Springer Ser.","RSME Springer Series","","Springer, Cham.","2509-8888","N","N","Y"
"Russian J. Numer. Anal. Math. Modelling","Russian Journal of Numerical Analysis and Mathematical Modelling","","De Gruyter, Berlin.","0927-6467","N","N","N"
"Russian Math. (Iz. VUZ)","Russian Mathematics (Izvestiya VUZ. Matematika)","","Allerton Press, New York.","1066-369X","N","N","N"
"Russian Math. Surveys","Russian Mathematical Surveys","","Ross. Akad. Nauk, Inst. Mat. im. Steklova (MIAN), Moscow.","0036-0279","N","N","N"
"Russ. J. Math. Phys.","Russian Journal of Mathematical Physics","","MAIK Nauka/Interperiod. Publ., Moscow.","1061-9208","N","Y","N"
"Russ. J. Nonlinear Dyn.","Russian Journal of Nonlinear Dynamics","","Udmurt State Univ., Inst. Comput. Sci., Izhevsk.","2658-5324","N","N","N"
"Rutgers Lect. Philos.","The Rutgers Lectures in Philosophy","","Oxford Univ. Press, Oxford.","","N","N","Y"
"Ryukyu Math. J.","Ryukyu Mathematical Journal","","Univ. Ryukyus, Okinawa.","1344-008X","N","Y","N"
"Saas-Fee Adv. Course","Saas-Fee Advanced Course","","Springer, Berlin.","1861-7980","N","N","Y"
"Sadhana","Sadhana. Academy Proceedings in Engineering Sciences","","Indian Acad. Sci., Bangalore.","0256-2499","N","N","N"
"Saitama Math. J.","Saitama Mathematical Journal","","Saitama Univ., Saitama.","0289-0739","N","Y","N"
"Sampl. Theory Signal Process. Data Anal.","Sampling Theory, Signal Processing, and Data Analysis","","Birkhauser Verlag, Basel.","2730-5716","N","N","N"
"Sankhya A","Sankhya A. The Indian Journal of Statistics","","Springer India, New Delhi.","0976-836X","N","Y","N"
"Sankhya B","Sankhya B. The Indian Journal of Statistics","","Springer India, New Delhi.","0976-8386","N","N","N"
"Sao Paulo J. Math. Sci.","Sao Paulo Journal of Mathematical Sciences","","Springer, Cham.","1982-6907","N","Y","N"
"Sarajevo J. Math.","Sarajevo Journal of Mathematics","","Acad. Sci. Arts Bosnia Herzegovina, Sarajevo.","1840-0655","N","Y","N"
"Savoirs Actuels (Les Ulis)","Savoirs Actuels (Les Ulis)","Current Scholarship (Les Ulis)","EDP Sci., Les Ulis.","","N","N","Y"
"Savoirs Sci. Prat. Enseign.","Savoirs Scientifiques & Pratiques d'Enseignement","Scientific Knowledge and Teaching Practices","Presses Univ. Limoges , Limoges.","","N","N","Y"
"SBMAC SpringerBriefs","SBMAC SpringerBriefs","","Springer, Cham.","","N","N","Y"
"Sb. Math.","Sbornik. Mathematics","","Ross. Akad. Nauk, Inst. Mat. im. Steklova (MIAN), Moscow.","1064-5616","N","N","N"
"Scand. Actuar. J.","Scandinavian Actuarial Journal","","Taylor & Francis, Abingdon.","0346-1238","N","N","N"
"Scand. J. Stat.","Scandinavian Journal of Statistics. Theory and Applications","","Wiley-Blackwell, Oxford.","0303-6898","N","Y","N"
"Schrift. Adam-Ries-Bundes Annaberg-Buchholz","Schriften des Adam-Ries-Bundes Annaberg-Buchholz","Publications of the Adam-Ries-Bund Annaberg-Buchholz","Adam-Ries-Bund, Annaberg-Buchholz.","","N","N","Y"
"Schriftenr. Inst. Syst.dyn. (ISD) Opt. Syst. (IOS)","Schriftenreihe der Institute fur Systemdynamik (ISD) und optische Systeme (IOS)","","Springer Vieweg, Wiesbaden.","2661-8087","Y","N","Y"
"Schrift. Mus. Univ. Tubingen (MUT)","Schriften des Museums der Universitat Tubingen (MUT)","","Univ. Tubingen, Tubingen.","","Y","N","Y"
"SCIAMVS","SCIAMVS. Sources and Commentaries in Exact Sciences","","SCIAMVS, Kyoto.","1345-4617","N","N","N"
"Sci. Ann. Comput. Sci.","Scientific Annals of Computer Science","","``A. I. Cuza'' Univ. Iasi, Iasi.","1843-8121","N","Y","N"
"Sci. China Inf. Sci.","Science China. Information Sciences","","Sci. China Press, Beijing.","1674-733X","N","N","N"
"Sci. China Math.","Science China. Mathematics","","Sci. China Press, Beijing.","1674-7283","N","Y","N"
"Sci. Comput.","Scientific Computation","","Springer, Cham.","1434-8322","N","N","Y"
"Sci. Concepts Probl.","Sciences: Concepts et Problemes","Sciences: Concepts and Problems","Presses Univ. Franche-Comte, Besancon.","","N","N","Y"
"Sci. Context","Science in Context","","Cambridge Univ. Press, Cambridge.","0269-8897","N","N","N"
"Science","American Association for the Advancement of Science. Science","","Amer. Assoc. Adv. Sci., Washington, DC.","0036-8075","N","N","N"
"Science and Nature","Science and Nature","","[Dialectics Workshop], [Tappen], NY.","0193-3396","Y","N","N"
"Scientia. Ser. Phys.-Math.","Scientia. Serie Physico-Mathematique","Scientia. Physico-Mathematical Series","Gauthier-Villars Editeur, Paris.","2490-5070","N","N","Y"
"Sci. Graeco-Arabica","Scientia Graeco-Arabica","","De Gruyter, Berlin.","1868-7172","N","N","Y"
"Sci. Math. Jpn.","Scientiae Mathematicae Japonicae","","Inst. Soc. Math. Sci., Osaka.","1346-0862","N","Y","N"
"Sci. Networks Hist. Stud.","Science Networks. Historical Studies","","Birkhauser/Springer, Cham.","1421-6329","N","N","Y"
"SciPost Phys.","SciPost Physics","","SciPost Found., Amsterdam.","","N","N","N"
"Sci. Rep. Kanazawa Univ.","The Science Reports of Kanazawa University","","Kanazawa Univ., Inst. Sci. Eng., Kanazawa.","0022-8338","N","N","N"
"Sci. Ser. A Math. Sci. (N.S.)","Scientia. Series A. Mathematical Sciences. New Series","","Univ. Tec. Federico Santa Maria, Valparaiso.","0716-8446","N","N","N"
"Sci. Struct. Matiere","Sciences des Structures et de la Matiere","","CRUFAOCI, Ouagadougou.","2630-1180","N","N","N"
"Sci. Stud. Res. Ser. Math. Inform.","Scientific Studies and Research. Series Mathematics and Informatics","","``Vasile Alecsandri'' Univ. Bacau, Fac. Sci., Bacau.","2457-497X","N","Y","N"
"Sci. Technol. Manag. Ser.","Science, Technology, and Management Series","","CRC Press, Boca Raton, FL.","","Y","N","Y"
"Sci. Technol. Med. Anc. Cult.","Science, Technology, and Medicine in Ancient Cultures","","De Gruyter, Berlin.","2194-976X","N","N","Y"
"Sci. Writ. Anc. Mediev. World","Scientific Writings from the Ancient and Medieval World","","Routledge/Taylor & Francis, London.","","N","N","Y"
"SCM Not.","SCM Noticies","","Soc. Catalana Mat., Barcelona.","1696-8247","N","N","N"
"Sel. Chapters Number Theory: Spec. Numbers","Selected Chapters of Number Theory: Special Numbers","","World Sci. Publ., Hackensack, NJ.","","N","N","Y"
"Selecta Math. (N.S.)","Selecta Mathematica. New Series","","Birkhauser Verlag, Basel.","1022-1824","N","Y","N"
"Sel. Mat.","Selecciones Matematicas","","Univ. Nac. Trujillo, Trujillo.","","N","N","N"
"SeMA J.","SeMA Journal. Boletin de la Sociedad Espanola de Matematica Aplicada","","Soc. Esp. Mat. Apl., Madrid.","2254-3902","N","N","N"
"SEMA SIMAI Springer Ser.","SEMA SIMAI Springer Series","","Springer, Cham.","2199-3041","N","N","Y"
"Semigroup Forum","Semigroup Forum","","Springer, New York.","0037-1912","N","Y","N"
"Semin. Congr.","Seminaires et Congres","Seminars and Congresses","Soc. Math. France, Paris.","1285-2783","N","N","Y"
"Semin. I. Vekua Inst. Appl. Math. Rep.","Seminar of Ilia Vekua Institute of Applied Mathematics. Reports","","Tbilisi Univ. Press, Tbilisi.","1512-0058","N","N","N"
"Semin. Probab.","Seminaire de Probabilites","","Springer, Cham.","0720-8766","N","N","Y"
"Sem. Lothar. Combin.","Seminaire Lotharingien de Combinatoire","","Univ. Louis Pasteur, Strasbourg.","","N","Y","N"
"Sequential Anal.","Sequential Analysis. Design Methods & Applications","","Taylor & Francis, Philadelphia, PA.","0747-4946","N","N","N"
"Ser. Adv. Math. Appl. Sci.","Series on Advances in Mathematics for Applied Sciences","","World Sci. Publ., Hackensack, NJ.","1793-0901","N","N","Y"
"Ser. Algebr. Differ. Geom.","Series in Algebraic and Differential Geometry","","World Sci. Publ., Hackensack, NJ.","","N","N","Y"
"Ser. Anal. Appl. Comput.","Series on Analysis, Applications and Computation","","World Sci. Publ., Hackensack, NJ.","1793-4702","N","N","Y"
"Ser. Appl. Math.","Series on Applied Mathematics","","World Sci. Publ., Hackensack, NJ.","1793-0928","N","N","Y"
"Ser. Comput. Oper. Res.","Series on Computers and Operations Research","","World Sci. Publ., Hackensack, NJ.","","N","N","Y"
"Ser. Concr. Appl. Math.","Series on Concrete and Applicable Mathematics","","World Sci. Publ., Hackensack, NJ.","1793-1142","N","N","Y"
"Ser. Contemp. Appl. Math. CAM","Series in Contemporary Applied Mathematics CAM","","World Sci. Publishing, Singapore.","2010-2259","N","N","Y"
"Ser. Contemp. Math.","Series in Contemporary Mathematics","","Springer, Heidelberg.","2364-0103","N","N","Y"
"Serdica J. Comput.","Serdica Journal of Computing","","Bulgarian Acad. Sci., Sofia.","1312-6555","N","N","N"
"Serdica Math. J.","Serdica. Mathematical Journal. Serdika. Matematichesko Spisanie","","Bulgarian Acad. Sci., Sofia.","1310-6600","N","Y","N"
"Ser. Disp. Sci. Tech.","Series in Display Science and Technology","","Springer, Cham.","2509-5900","N","N","Y"
"Serie de Matematica.","Serie de Matematica.","Mathematics Series","Tecnos, Madrid.","","Y","N","Y"
"Ser. Knots Everything","Series on Knots and Everything","","World Sci. Publ., Hackensack, NJ.","0219-9769","N","N","Y"
"Ser. Math. Educ.","Series on Mathematics Education","","World Sci. Publ., Hackensack, NJ.","","N","N","Y"
"Ser. Multivariate Anal.","Series on Multivariate Analysis","","World Sci. Publ., Hackensack, NJ.","1793-1169","N","N","Y"
"Ser. Number Theory Appl.","Series on Number Theory and its Applications","","World Sci. Publ., Hackensack, NJ.","1793-3161","N","N","Y"
"Ser. Optim. Appl.","Series on Optimization and its Applications","","World Sci. Publ., Hackensack, NJ.","2399-1593","N","N","Y"
"Ser. Univ. Math.","Series on University Mathematics","","World Sci. Publ., Hackensack, NJ.","","N","N","Y"
"Set-Valued Var. Anal.","Set-Valued and Variational Analysis. Theory and Applications","","Springer, Dordrecht.","1877-0533","N","Y","N"
"Shanghai Daxue Xuebao Ziran Kexue Ban","","","","","Y","N","N"
"Shock Wave High Press. Phenom.","Shock Wave and High Pressure Phenomena","","Springer, Cham.","2197-9529","N","N","Y"
"Shuxue Jikan","","","","","Y","N","N"
"Shuxue Jinzhan","","","","","Y","N","N"
"Shuxue Niankan A Ji","","","","","Y","N","N"
"Shuxue Niankan B Ji","","","","","Y","N","N"
"Shuxue Wuli Xuebao","","","","","Y","N","N"
"Shuxue Xuebao","","","","","Y","N","N"
"Shuxue Yanjiu","","","","","Y","N","N"
"SIAM/ASA J. Uncertain. Quantif.","SIAM/ASA Journal on Uncertainty Quantification","","SIAM, Philadelphia, PA.","","N","Y","N"
"SIAM J. Appl. Algebra Geom.","SIAM Journal on Applied Algebra and Geometry","","SIAM, Philadelphia, PA.","","N","Y","N"
"SIAM J. Appl. Dyn. Syst.","SIAM Journal on Applied Dynamical Systems","","SIAM, Philadelphia, PA.","","N","Y","N"
"SIAM J. Appl. Math.","SIAM Journal on Applied Mathematics","","SIAM, Philadelphia, PA.","0036-1399","N","Y","N"
"SIAM J. Comput.","SIAM Journal on Computing","","SIAM, Philadelphia, PA.","0097-5397","N","Y","N"
"SIAM J. Control Optim.","SIAM Journal on Control and Optimization","","SIAM, Philadelphia, PA.","0363-0129","N","Y","N"
"SIAM J. Discrete Math.","SIAM Journal on Discrete Mathematics","","SIAM, Philadelphia, PA.","0895-4801","N","Y","N"
"SIAM J. Financial Math.","SIAM Journal on Financial Mathematics","","SIAM, Philadelphia, PA.","","N","Y","N"
"SIAM J. Imaging Sci.","SIAM Journal on Imaging Sciences","","SIAM, Philadelphia, PA.","","N","Y","N"
"SIAM J. Math. Anal.","SIAM Journal on Mathematical Analysis","","SIAM, Philadelphia, PA.","0036-1410","N","Y","N"
"SIAM J. Math. Data Sci.","SIAM Journal on Mathematics of Data Science","","SIAM, Philadelphia, PA.","","N","N","N"
"SIAM J. Matrix Anal. Appl.","SIAM Journal on Matrix Analysis and Applications","","SIAM, Philadelphia, PA.","0895-4798","N","Y","N"
"SIAM J. Numer. Anal.","SIAM Journal on Numerical Analysis","","SIAM, Philadelphia, PA.","0036-1429","N","Y","N"
"SIAM J. Optim.","SIAM Journal on Optimization","","SIAM, Philadelphia, PA.","1052-6234","N","Y","N"
"SIAM J. Sci. Comput.","SIAM Journal on Scientific Computing","","SIAM, Philadelphia, PA.","1064-8275","N","Y","N"
"SIAM News","SIAM News","","SIAM, Philadelphia, PA.","1557-9573","N","N","N"
"SIAM Rev.","SIAM Review","","SIAM, Philadelphia, PA.","1095-7200","N","Y","N"
"Sib. Elektron. Mat. Izv.","Sibirskie Elektronnye Matematicheskie Izvestiya. Siberian Electronic Mathematical Reports","","Ross. Akad. Nauk Sib. Otd., Inst. Mat., Novosibirsk.","","N","Y","N"
"Siberian Adv. Math.","Siberian Advances in Mathematics","","Pleiades Publishing, Ltd., New York.","1055-1344","N","N","N"
"Sibirsk. Mat. Zh.","Rossiiskaya Akademiya Nauk. Sibirskoe Otdelenie. Institut Matematiki im. S. L. Soboleva. Sibirskii Matematicheskii Zhurnal","","Izdat. Ross. Akad. Nauk Sib. Otd. Inst. Mat., Novosibirsk.","0037-4474","N","Y","N"
"Sib. Math. J.","Siberian Mathematical Journal","","Pleiades Publishing, Ltd., Road Town.","0037-4466","N","N","N"
"Sib. Zh. Ind. Mat.","Sibirskii Zhurnal Industrialnoi Matematiki","","Ross. Akad. Nauk Sib. Otd., Inst. Mat., Novosibirsk.","1560-7518","N","N","N"
"Sib. Zh. Vychisl. Mat.","Sibirskii Zhurnal Vychislitelnoi Matematiki. Siberian Journal of Numerical Mathematics. Rossiiskaya Akademiya Nauk. Sibirskoe Otdelenie","","Izdat. Ross. Akad. Nauk Sibirsk. Otdel., Novosibirsk.","1560-7526","N","N","N"
"SIGMA Symmetry Integrability Geom. Methods Appl.","SIGMA. Symmetry, Integrability and Geometry. Methods and Applications","","Natl. Acad. Sci. Ukr., Inst. Math., Dep. Appl. Res., Kiev.","","N","Y","N"
"Signals Commun. Technol.","Signals and Communication Technology","","Springer, Cham.","1860-4862","N","N","Y"
"Simons Symp.","Simons Symposia","","Springer, Cham.","2365-9572","N","N","Y"
"Simula SpringerBriefs Comput.","Simula SpringerBriefs on Computing","","Springer, Cham.","","N","N","Y"
"SISSA Springer Ser.","SISSA Springer Series","","Springer, Cham.","2524-857X","N","N","Y"
"SMAI J. Comput. Math.","SMAI Journal of Computational Mathematics","","Soc. Math. Appl. Indust., Paris.","","N","N","N"
"Smart Innov. Syst. Technol.","Smart Innovation, Systems and Technologies","","Springer, Cham.","2190-3018","N","N","Y"
"Soc. Choice Welf.","Social Choice and Welfare","","Springer, Berlin.","0176-1714","N","N","N"
"Sociol. Methods Res.","Sociological Methods & Research","","Sage, Thousand Oaks, CA.","0049-1241","N","N","N"
"Solid Mech. Appl.","Solid Mechanics and its Applications","","Springer, Cham.","0925-0042","N","N","Y"
"SORT","SORT. Statistics and Operations Research Transactions","","Inst. Estad. Catalunya, Barcelona.","1696-2281","N","N","N"
"Sources Stud. Hist. Math. Phys. Sci.","Sources and Studies in the History of Mathematics and Physical Sciences","","Springer, Cham.","2196-8810","N","N","Y"
"South African Statist. J.","South African Statistical Journal. Suid-Afrikaanse Statistiese Tydskrif","","South African Statist. Assoc., Matieland.","0038-271X","N","N","N"
"South Amer. J. Log.","South American Journal of Logic","","South Amer. J. Logic, [place of publication not identified].","2446-6719","N","N","N"
"Southeast Asian Bull. Math.","Southeast Asian Bulletin of Mathematics","","Southeast Asian Math. Soc., Kunming.","0129-2021","N","N","N"
"Sovrem. Mat. Fundam. Napravl.","Sovremennaya Matematika. Fundamentalnye Napravleniya","","Ross. Univ. Druzh. Nar., Moscow.","2413-3639","N","Y","N"
"Space Sci. Technol.","Space Science and Technologies","","Springer, Singapore.","2730-6410","N","N","Y"
"Space Technol. Libr.","Space Technology Library","","Springer, New York.","","N","N","Y"
"Space Technol. Proc.","Space Technology Proceedings","","Springer, Cham.","1389-1766","N","N","Y"
"SPAS Book Ser.","SPAS Book Series","","The Statistics and Probability African Society, Saint-Louis.","","N","N","Y"
"Spat. Stat.","Spatial Statistics","","Elsevier B. V., Amsterdam.","","N","N","N"
"Spec. Matrices","Special Matrices","","De Gruyter, Berlin.","","N","Y","N"
"Spectr. Slovak.","Spectrum Slovakia","","Peter Lang, Frankfurt am Main.","","N","N","Y"
"Springer Actuar.","Springer Actuarial","","Springer, Cham.","","N","N","Y"
"Springer Actuar. Textb.","Springer Actuarial Textbooks","","Springer, Cham.","2523-3300","N","N","Y"
"Springer Biogr.","Springer Biographies","","Springer, Cham.","2365-0613","N","N","Y"
"SpringerBriefs Appl. Sci. Technol.","SpringerBriefs in Applied Sciences and Technology","","Springer, Cham.","2191-530X","N","N","Y"
"SpringerBriefs Appl. Stat. Econom.","SpringerBriefs in Applied Statistics and Econometrics","","Springer, Cham.","2524-4116","N","N","Y"
"SpringerBriefs Bioeng.","SpringerBriefs in Bioengineering","","Springer, Cham.","2193-097X","Y","N","Y"
"SpringerBriefs Cogn. Math.","SpringerBriefs in Cognitive Mathematics","","Springer, Cham.","","Y","N","Y"
"SpringerBriefs Comput. Intell.","SpringerBriefs in Computational Intelligence","","Springer, Singapore.","2625-3712","N","N","Y"
"SpringerBriefs Comput. Mech.","SpringerBriefs in Computational Mechanics","","Springer, Cham.","2191-5342","N","N","Y"
"SpringerBriefs Comput. Sci.","SpringerBriefs in Computer Science","","Springer, Cham.","2191-5776","N","N","Y"
"SpringerBriefs Control Autom. Robot.","SpringerBriefs in Control, Automation and Robotics","","Springer, London.","2192-6794","N","N","Y"
"SpringerBriefs Earth Syst. Sci.","SpringerBriefs in Earth System Sciences","","Springer, Cham.","2191-589X","N","N","Y"
"SpringerBriefs Econ.","SpringerBriefs in Economics","","Springer, Cham.","2191-5504","N","N","Y"
"SpringerBriefs Electr. Comput. Eng.","SpringerBriefs in Electrical and Computer Engineering","","Springer, Cham.","2191-8112","N","N","Y"
"SpringerBriefs Energy","SpringerBriefs in Energy","","Springer, Cham.","2191-5520","N","N","Y"
"SpringerBriefs Hist. Sci. Technol.","SpringerBriefs in History of Science and Technology","","Springer, Cham.","2211-4564","N","N","Y"
"SpringerBriefs Inf. Secur. Cryptogr.","SpringerBriefs in Information Security and Cryptography","","Springer, Cham.","2731-9555","Y","N","Y"
"SpringerBriefs Intell. Syst.","SpringerBriefs in Intelligent Systems","","Springer, Cham.","2196-548X","N","N","Y"
"SpringerBriefs Math.","SpringerBriefs in Mathematics","","Springer, Cham.","2191-8198","N","N","Y"
"SpringerBriefs Math. Methods","SpringerBriefs in Mathematical Methods","","Springer, Cham.","2365-0826","N","N","Y"
"SpringerBriefs Math. Phys.","SpringerBriefs in Mathematical Physics","","Springer, Cham.","2197-1765","N","N","Y"
"SpringerBriefs Mol. Sci.","SpringerBriefs in Molecular Science","","Springer, Cham.","2191-5407","Y","N","Y"
"SpringerBriefs Optim.","SpringerBriefs in Optimization","","Springer, Cham.","2191-575X","N","N","Y"
"SpringerBriefs PDEs Data Sci.","SpringerBriefs on PDEs and Data Science","","Springer, Singapore.","2731-7595","N","N","Y"
"SpringerBriefs Philos.","SpringerBriefs in Philosophy","","Springer, Cham.","2211-4556","N","N","Y"
"SpringerBriefs Phys.","SpringerBriefs in Physics","","Springer, Cham.","2191-5431","N","N","Y"
"SpringerBriefs Popul. Stud.","SpringerBriefs in Population Studies","","Springer, Cham.","2211-3215","N","N","Y"
"SpringerBriefs Probab. Math. Stat.","SpringerBriefs in Probability and Mathematical Statistics","","Springer, Cham.","2365-4333","N","N","Y"
"SpringerBriefs Stat.","SpringerBriefs in Statistics","","Springer, Cham.","2191-544X","N","N","Y"
"Springer Clim.","Springer Climate","","Springer, Cham.","2352-0698","N","N","Y"
"Springer essentials","Springer essentials","","Springer Vieweg, Wiesbaden.","2731-3107","N","N","Y"
"Springer Finance","Springer Finance","","Springer, Cham.","1616-0533","N","N","Y"
"Springer Finance Textb.","Springer Finance Textbooks","","Springer, Heidelberg.","","N","N","Y"
"Springer Geol.","Springer Geology","","Springer, Cham.","2197-9545","N","N","Y"
"Springer Geophys.","Springer Geophysics","","Springer, Cham.","2364-9127","N","N","Y"
"Springer INdAM Ser.","Springer INdAM Series","","Springer, Cham.","2281-518X","N","N","Y"
"Springer Int. Handb. Educ.","Springer International Handbooks of Education","","Springer, Cham.","2197-1951","N","N","Y"
"Springer Monogr. Math.","Springer Monographs in Mathematics","","Springer, Cham.","1439-7382","N","N","Y"
"Springer Optim. Appl.","Springer Optimization and Its Applications","","Springer, Cham.","1931-6828","N","N","Y"
"Springer-Praxis Books Astron. Planet. Sci.","Springer-Praxis Books in Astronomy and Planetary Sciences","","Springer, Heidelberg.","2366-0082","N","N","Y"
"Springer Proc. Adv. Robot.","Springer Proceedings in Advanced Robotics","","Springer, Cham.","2511-1256","N","N","Y"
"Springer Proc. Bus. Econ.","Springer Proceedings in Business and Economics","","Springer, Cham.","2198-7246","N","N","Y"
"Springer Proc. Complexity","Springer Proceedings in Complexity","","Springer, Cham.","2213-8684","N","N","Y"
"Springer Proc. Earth Environ. Sci.","Springer Proceedings in Earth and Environmental Sciences","","Springer, Cham.","2524-342X","N","N","Y"
"Springer Proc. Math. Stat.","Springer Proceedings in Mathematics & Statistics","","Springer, Cham.","2194-1009","N","N","Y"
"Springer Proc. Phys.","Springer Proceedings in Physics","","Springer, Heidelberg.","0930-8989","N","N","Y"
"Springer Ser. Astrophys. Cosmol.","Springer Series in Astrophysics and Cosmology","","Springer, Singapore.","2731-734X","N","N","Y"
"Springer Ser. Comput. Math.","Springer Series in Computational Mathematics","","Springer, Cham.","0179-3632","N","N","Y"
"Springer Ser. Cult. Comput.","Springer Series on Cultural Computing","","Springer, Cham.","2195-9056","N","N","Y"
"Springer Ser. Data Sci.","Springer Series in the Data Sciences","","Springer, Cham.","2365-5674","N","N","Y"
"Springer Ser. Demogr. Methods Popul. Anal.","The Springer Series on Demographic Methods and Population Analysis","","Springer, Cham.","1389-6784","N","N","Y"
"Springer Ser. Game Theory","Springer Series in Game Theory","","Springer, [Cham].","1868-517X","N","N","Y"
"Springer Ser. Light Scatt.","Springer Series in Light Scattering","","Springer, Cham.","2509-2790","N","N","Y"
"Springer Ser. Mater. Sci.","Springer Series in Materials Science","","Springer, Cham.","0933-033X","N","N","Y"
"Springer Ser. Nav. Archit. Mar. Eng. Shipbuild. Shipp.","Springer Series on Naval Architecture, Marine Engineering, Shipbuilding and Shipping","","Springer, Cham.","2194-8445","N","N","Y"
"Springer Ser. Oper. Res. Financ. Eng.","Springer Series in Operations Research and Financial Engineering","","Springer, Cham.","1431-8598","N","N","Y"
"Springer Ser. Pharm. Stat.","Springer Series in Pharmaceutical Statistics","","Springer, Cham.","2366-8695","N","N","Y"
"Springer Ser. Reliab. Eng.","Springer Series in Reliability Engineering","","Springer, Cham.","2196-999X","N","N","Y"
"Springer Ser. Statist.","Springer Series in Statistics","","Springer, Cham.","0172-7397","N","N","Y"
"Springer Ser. Supply Chain Manag.","Springer Series in Supply Chain Management","","Springer, Cham.","2365-6395","N","N","Y"
"Springer Ser. Synergetics","Springer Series in Synergetics","","Springer, Cham.","0172-7389","N","N","Y"
"Springer Stud. Hist. Econ. Thought","Springer Studies in the History of Economic Thought","","Springer, Cham.","2662-6098","Y","N","Y"
"Springer Stud. Math. Master","Springer Studium Mathematik---Master","","Springer Spektrum, Wiesbaden.","2509-9310","N","N","Y"
"Springer Textb. Earth Sci. Geogr. Environ.","Springer Textbooks in Earth Sciences, Geography and Environment","","Springer, Cham.","2510-1307","Y","N","Y"
"Springer Texts Bus. Econ.","Springer Texts in Business and Economics","","Springer, Cham.","2192-4341","N","N","Y"
"Springer Texts Soc. Sci.","Springer Texts in Social Sciences","","Springer, Cham.","2730-6135","Y","N","Y"
"Springer Texts Statist.","Springer Texts in Statistics","","Springer, Heidelberg.","1431-875X","N","N","Y"
"Springer Theses","Springer Theses","","Springer, New York.","2190-5053","N","N","Y"
"Springer Tracts Adv. Robot.","Springer Tracts in Advanced Robotics","","Springer, Cham.","1610-7438","N","N","Y"
"Springer Tracts Civ. Eng.","Springer Tracts in Civil Engineering","","Springer, Singapore.","2366-259X","N","N","Y"
"Springer Tracts Mech. Eng.","Springer Tracts in Mechanical Engineering","","Springer, Cham.","2195-9862","N","N","Y"
"Springer Tracts Modern Phys.","Springer Tracts in Modern Physics","","Springer, Cham.","0081-3869","N","N","Y"
"Springer Tracts Nat.-Inspir. Comput.","Springer Tracts in Nature-Inspired Computing","","Springer, Singapore.","2524-552X","N","N","Y"
"Springer Trans. Civil Environ. Eng.","Springer Transactions in Civil and Environmental Engineering","","Springer, Singapore.","2363-7633","Y","N","Y"
"Springer Undergrad. Math. Ser.","Springer Undergraduate Mathematics Series","","Springer, Cham.","1615-2085","N","N","Y"
"Springer Undergrad. Texts Math. Technol.","Springer Undergraduate Texts in Mathematics and Technology","","Springer, Cham.","1867-5514","N","N","Y"
"Stab. Oscil. Optim. Syst.","Stability, Oscillations and Optimization of Systems","","Camb. Sci. Publ., Cambridge.","","N","N","Y"
"Stanf. Text Technol.","Stanford Text Technologies","","Stanford Univ. Press, Stanford, CA.","","Y","N","Y"
"Stat","Stat","","Wiley, Oxford.","","N","N","N"
"Stat. Anal. Data Min.","Statistical Analysis and Data Mining","","Wiley, Hoboken, NJ.","1932-1864","N","N","N"
"Stat. Biol. Health","Statistics for Biology and Health","","Springer, Cham.","1431-8776","N","N","Y"
"Stat. Commun. Infec. Dis.","Statistical Communications in Infectious Diseases","","De Gruyter, Berlin.","","N","N","N"
"Stat. Comput.","Statistics and Computing","","Springer, New York.","0960-3174","N","N","N"
"Static Dyn. Game Theory Found. Appl.","Static & Dynamic Game Theory: Foundations & Applications","","Birkhauser/Springer, Cham.","2363-8516","N","N","Y"
"Stat. Inference Stoch. Process.","Statistical Inference for Stochastic Processes. An International Journal Devoted to Time Series Analysis and the Statistics of Continuous Time Processes and Dynamical Systems","","Springer, Dordrecht.","1387-0874","N","Y","N"
"Stat. Interface","Statistics and its Interface","","Int. Press, Somerville, MA.","1938-7989","N","N","N"
"Statistics","Statistics. A Journal of Theoretical and Applied Statistics","","Taylor & Francis, Abingdon.","0233-1888","N","Y","N"
"Statist. Papers","Statistical Papers","","Springer, Berlin.","0932-5026","N","N","N"
"Statist. Probab. Lett.","Statistics & Probability Letters","","Elsevier B. V., Amsterdam.","0167-7152","N","N","N"
"Statist. Sci.","Statistical Science. A Review Journal of the Institute of Mathematical Statistics","","Inst. Math. Statist., Waite Hill, OH.","0883-4237","N","N","N"
"Statist. Sinica","Statistica Sinica","","Statist. Sinica, Taipei.","1017-0405","N","Y","N"
"Stat. Med.","Statistics in Medicine","","Wiley-Blackwell, Chichester.","0277-6715","N","N","N"
"Stat. Methods Appl.","Statistical Methods & Applications. Journal of the Italian Statistical Society","","Springer, Berlin.","1618-2510","N","N","N"
"Stat. Methods Med. Res.","Statistical Methods in Medical Research","","Sage, London.","0962-2802","N","N","N"
"Stat. Model.","Statistical Modelling. An International Journal","","Sage, Thousand Oaks, CA.","1471-082X","N","N","N"
"Stat. Neerl.","Statistica Neerlandica. Journal of the Netherlands Society for Statistics and Operations Research","","Wiley-Blackwell, Oxford.","0039-0402","N","N","N"
"Stat. Optim. Inf. Comput.","Statistics, Optimization & Information Computing","","Int. Acad. Press, Hong Kong.","2311-004X","N","N","N"
"Stat. Risk Model.","Statistics & Risk Modeling with Applications in Finance and Insurance","","De Gruyter, Berlin.","2193-1402","N","N","N"
"Stat. Surv.","Statistics Surveys","","Amer. Statist. Assoc., Alexandria, VA.","","N","Y","N"
"Stat. Theory Relat. Fields","Statistical Theory and Related Fields","","Taylor & Francis, Abingdon.","2475-4269","N","N","N"
"STEAM-H: Sci. Technol. Eng. Agric. Math. Health","STEAM-H: Science, Technology, Engineering, Agriculture, Mathematics & Health","","Springer, Cham.","2520-193X","N","N","Y"
"Stoch. Anal. Appl.","Stochastic Analysis and Applications","","Taylor & Francis, Philadelphia, PA.","0736-2994","N","Y","N"
"Stochastic Process. Appl.","Stochastic Processes and their Applications","","Elsevier Ltd, Oxford.","0304-4149","N","Y","N"
"Stochastics","Stochastics. An International Journal of Probability and Stochastic Processes","","Taylor & Francis, Abingdon.","1744-2508","N","Y","N"
"Stoch. Dyn.","Stochastics and Dynamics","","World Sci. Publ., Singapore.","0219-4937","N","Y","N"
"Stoch. Models","Stochastic Models","","Taylor & Francis, Philadelphia, PA.","1532-6349","N","Y","N"
"Stoch. Partial Differ. Equ. Anal. Comput.","Stochastics and Partial Differential Equations. Analysis and Computations","","Springer, New York.","2194-0401","N","Y","N"
"Stoch. Qual. Control","Stochastics and Quality Control","","De Gruyter, Berlin.","2367-2390","N","N","N"
"Stoch. Syst.","Stochastic Systems","","INFORMS, Catonsville, MD.","","N","N","N"
"St. Petersburg Math. J.","St. Petersburg Mathematical Journal","","Amer. Math. Soc., Providence, RI.","1061-0022","N","N","N"
"Struct. Equ. Model.","Structural Equation Modeling. A Multidisciplinary Journal","","Routledge Journals, Taylor & Francis, Ltd., Abingdon.","1070-5511","N","N","N"
"Struct. Integr.","Structural Integrity","","Springer, Cham.","2522-560X","N","N","Y"
"Struct. Multidiscip. Optim.","Structural and Multidisciplinary Optimization","","Springer, Berlin.","1615-147X","N","N","N"
"Stud. Appl. Math.","Studies in Applied Mathematics","","Wiley-Blackwell, Oxford.","0022-2526","N","Y","N"
"Stud. Appl. Philos. Epistemol. Ration. Ethics","Studies in Applied Philosophy, Epistemology and Rational Ethics","","Springer, Cham.","2192-6255","N","N","Y"
"Stud. Big Data","Studies in Big Data","","Springer, Cham.","2197-6511","N","N","Y"
"Stud. Choice Welf.","Studies in Choice and Welfare","","Springer, Cham.","1614-0311","N","N","Y"
"Stud. Classification Data Anal. Knowledge Organ.","Studies in Classification, Data Analysis, and Knowledge Organization","","Springer, Heidelberg.","1431-8814","N","N","Y"
"Stud. Comput. Intell.","Studies in Computational Intelligence","","Springer, Cham.","1860-9503","N","N","Y"
"Stud. Fuzziness Soft Comput.","Studies in Fuzziness and Soft Computing","","Springer, Cham.","1860-0808","N","N","Y"
"Stud. Hist. Philos. Sci.","Studies in History and Philosophy of Science","","Springer, Cham.","2215-1958","N","N","Y"
"Stud. Hist. Philos. Sci.","Studies in History and Philosophy of Science","","","0039-3681","N","N","N"
"Studia Logica","Studia Logica. An International Journal for Symbolic Logic","","Springer, Dordrecht.","0039-3215","N","Y","N"
"Studia Math.","Studia Mathematica","","Inst. Math., Polish Acad. Sci., Warsaw.","0039-3223","N","Y","N"
"Studia Sci. Math. Hungar.","Studia Scientiarum Mathematicarum Hungarica. Combinatorics, Geometry and Topology (CoGeTo)","","Akad. Kiado, Budapest.","0081-6906","N","Y","N"
"Stud. Infrastruct. Control","Studies in Infrastructure and Control","","Springer, Singapore.","2730-6453","N","N","Y"
"Stud. Linguist. Philos.","Studies in Linguistics and Philosophy","","Springer, Cham.","0924-4662","N","N","Y"
"Stud. Log. (Lond.)","Studies in Logic (London)","","Coll. Publ., London.","","N","N","Y"
"Stud. Math. Arts Humanit.","Studies in Mathematics in the Arts and Humanities","","Brill, Leiden.","2666-2299","Y","N","Y"
"Stud. Math. Libr.","Student Mathematical Library","","Amer. Math. Soc., Providence, RI.","1520-9121","N","N","Y"
"Stud. Nonlinear Dyn. Econom.","Studies in Nonlinear Dynamics & Econometrics","","De Gruyter, Berlin.","","N","N","N"
"Stud. Public Choice","Studies in Public Choice","","Springer, New York.","0924-4700","N","N","Y"
"Stud. Syst. Decis. Control","Studies in Systems, Decision and Control","","Springer, Cham.","2198-4190","N","N","Y"
"Stud. Theor. Philos.","Studies in Theoretical Philosophy","","Klostermann, Frankfurt am Main.","2199-5214","N","N","Y"
"Stud. Univ. Babes-Bolyai Math.","Studia. Universitatis Babes-Bolyai Mathematica","","``Babes-Bolyai'' Univ., Cluj-Napoca.","0252-1938","N","N","N"
"Stud. Univers. Log.","Studies in Universal Logic","","Birkhauser/Springer, Cham.","2297-0290","N","N","Y"
"Sugaku","Mathematical Society of Japan. Sugaku (Mathematics)","","Math. Soc. Japan, Tokyo.","0039-470X","N","Y","N"
"Sugaku Expositions","Sugaku Expositions","","Amer. Math. Soc., Providence, RI.","0898-9583","N","Y","N"
"Suhayl","Suhayl. International Journal for the History of the Exact and Natural Sciences in Islamic Civilisation","","Univ. Barcelona, Barcelona.","1576-9372","N","N","N"
"SUMS Read.","SUMS Readings","Springer Undergraduate Mathematics Series Readings","Springer, Cham.","2730-5813","N","N","Y"
"Surv. Approx. Theory","Surveys in Approximation Theory","","Surv. Approx. Theory, Haifa.","","N","Y","N"
"Surv. Differ. Geom.","Surveys in Differential Geometry","","Int. Press, Somerville, MA.","","N","N","Y"
"Surv. Math. Appl.","Surveys in Mathematics and its Applications","","Univ. Constantin Brancusi of Targu-Jiu, Targu-Jiu.","1843-7265","N","Y","N"
"Surv. Mod. Math.","Surveys of Modern Mathematics","","Int. Press, Somerville, MA.","","N","N","Y"
"Surv. Tutor. Appl. Math. Sci.","Surveys and Tutorials in the Applied Mathematical Sciences","","Springer, New York.","2199-4765","N","N","Y"
"SUT J. Math.","SUT Journal of Mathematics","","Tokyo University of Science, Tokyo.","0916-5746","N","Y","N"
"Sxi Springer Innov.","Sxi---Springer per l'Innovazione/Sxi---Springer for Innovation","","Springer, Cham.","2239-2688","N","N","Y"
"Synthese","Synthese. An International Journal for Epistemology, Methodology and Philosophy of Science","","Springer, Dordrecht.","0039-7857","N","N","N"
"Synth. Lect. Artif. Intell. Mach. Learn.","Synthesis Lectures on Artificial Intelligence and Machine Learning","","Morgan & Claypool Publ., Williston, VT.","1939-4608","N","N","Y"
"Synth. Lect. Comput. Sci.","Synthesis Lectures on Computer Science","","Springer, Cham.","1932-1228","N","N","Y"
"Synth. Lect. Data Min. Knowl. Discov.","Synthesis Lectures on Data Mining and Knowledge Discovery","","Morgan & Claypool Publ., Williston, VT.","2151-0067","N","N","Y"
"Synth. Lect. Data Semant. Knowl.","Synthesis Lectures on Data, Semantics, and Knowledge","","Springer, Cham.","2691-2023","N","N","Y"
"Synth. Lect. Eng. Sci. Technol.","Synthesis Lectures on Engineering, Science, and Technology","","Springer, Cham.","2690-0300","N","N","Y"
"Synth. Lect. Intell. Technol.","Synthesis Lectures on Intelligent Technologies","","Springer, Cham.","2731-6912","N","N","Y"
"Synth. Lect. Learn. Netw. Algorithms","Synthesis Lectures on Learning, Networks, and Algorithms","","Springer, Cham.","2690-4306","N","N","Y"
"Synth. Lect. Math. Stat.","Synthesis Lectures on Mathematics and Statistics","","Morgan & Claypool Publ., Williston, VT.","1938-1743","N","N","Y"
"Synth. Lect. Mech. Eng.","Synthesis Lectures on Mechanical Engineering","","Springer, Cham.","2573-3168","N","N","Y"
"Synth. Lect. Oper. Res. Appl.","Synthesis Lectures on Operations Research and Applications","","Springer, Cham.","2770-6303","N","N","Y"
"Synth. Lect. Wave Phenom. Phys. Sci.","Synthesis Lectures on Wave Phenomena in the Physical Sciences","","Springer, Cham.","2690-2346","N","N","Y"
"Synth. Libr.","Synthese Library. Studies in Epistemology, Logic, Methodology, and Philosophy of Science","","Springer, Cham.","","N","N","Y"
"Systems Control Found. Appl.","Systems & Control: Foundations & Applications","","Birkhauser/Springer, New York.","2324-9749","N","N","Y"
"Systems Control Lett.","Systems & Control Letters","","Elsevier, Inc., Amsterdam.","0167-6911","N","Y","N"
"Taiwanese J. Math.","Taiwanese Journal of Mathematics","","Math. Soc. Repub. China (Taiwan), Taipei.","1027-5487","N","Y","N"
"Tamkang J. Math.","Tamkang Journal of Mathematics","","Tamkang Univ., Taipei.","0049-2930","N","Y","N"
"Tata Inst. Fundam. Res. Stud. Math.","Tata Institute of Fundamental Research Studies in Mathematics","","Hindustan Book Agency, New Delhi.","","N","N","Y"
"Tatra Mt. Math. Publ.","Tatra Mountains Mathematical Publications","","Slovak Acad. Sci., Bratislava.","1210-3195","N","Y","N"
"Technometrics","Technometrics. A Journal of Statistics for the Physical, Chemical and Engineering Sciences","","Am. Soc. Qual., Milwaukee, WI.","0040-1706","N","N","N"
"Tensor (N.S.)","The Tensor Society. Tensor. New Series","","Tensor Soc., Tsukuba.","0040-3504","N","Y","N"
"Teoret. Mat. Fiz.","Teoreticheskaya i Matematicheskaya Fizika","","Ross. Akad. Nauk, Inst. Mat. im. Steklova (MIAN), Moscow.","0564-6162","N","N","N"
"Teor. Veroyatn. Primen.","Teoriya Veroyatnostei i ee Primeneniya","","Ross. Akad. Nauk, Inst. Mat. im. Steklova (MIAN), Moscow.","0040-361X","N","Y","N"
"TEST","TEST. An Official Journal of the Spanish Society of Statistics and Operations Research","","Springer, Berlin.","1133-0686","N","N","N"
"Textb. Math.","Textbooks in Mathematics","","CRC Press, Boca Raton, FL.","","N","N","Y"
"Textos Mat.","Textos de Matematica","","Univ. Fed. Rio de Janeiro, Rio de Janeiro.","","N","N","Y"
"Textos Mat./Math. Texts","Textos de Matematica/Mathematics Texts","","Univ. Coimbra, Coimbra.","","N","N","Y"
"Texts Appl. Math.","Texts in Applied Mathematics","","Springer, Cham.","0939-2475","N","N","Y"
"Texts Comput. Sci.","Texts in Computer Science","","Springer, Cham.","1868-0941","N","N","Y"
"Texts Math.","Texts in Mathematics","","Coll. Publ., London.","","N","N","Y"
"Texts Monogr. Symbol. Comput.","Texts and Monographs in Symbolic Computation","","Springer, Cham.","0943-853X","N","N","Y"
"Texts Philos.","Texts in Philosophy","","Coll. Publ., London.","","N","N","Y"
"Texts Read. Math.","Texts and Readings in Mathematics","","Hindustan Book Agency, New Delhi.","","N","N","Y"
"Texts Theoret. Comput. Sci. EATCS Ser.","Texts in Theoretical Computer Science. An EATCS Series","","Springer, Cham.","1862-4499","N","N","Y"
"Thai J. Math.","Thai Journal of Mathematics","","Math. Assoc. Thailand, Chiang Mai.","1686-0209","N","N","N"
"Thang Long J. Sci. Math. Math. Sci.","Thang Long Journal of Science. Mathematics and Mathematical Sciences","","","3030-4911","N","N","N"
"Themes Econ.","Themes in Economics","","Springer, Singapore.","2730-5597","N","N","Y"
"Theor. Biol.","Theoretical Biology","","Springer, Singapore.","2522-0438","N","N","Y"
"Theor. Comput. Fluid Dyn.","Theoretical and Computational Fluid Dynamics","","Springer, Berlin.","0935-4964","N","N","N"
"Theor. Econ.","Theoretical Economics","","Econometric Soc., New York.","1933-6837","N","N","N"
"Theoret. and Math. Phys.","Theoretical and Mathematical Physics","","MAIK Nauka/Interperiod. Publ., Moscow.","0040-5779","N","N","N"
"Theoret. Comput. Sci.","Theoretical Computer Science","","Elsevier B. V., Amsterdam.","0304-3975","N","Y","N"
"TheoretiCS","TheoretiCS","","Theor. Found., place of publication not identified.","","N","Y","N"
"Theoret. Math. Phys.","Theoretical and Mathematical Physics","","Springer, Cham.","1864-5879","N","N","Y"
"Theoria","Theoria. A Swedish Journal of Philosophy","","Wiley, Oxford.","0040-5825","N","N","N"
"Theoria (San Sebastian) (2)","Theoria. Revista de Teoria, Historia y Fundamentos de la Ciencia. Segunda Epoca. An International Journal for Theory, History and Foundations of Science. Second Series","","Centro Anal. Logica Inform. Jurid. (CALIJ), San Sebastian.","0495-4548","N","N","N"
"Theory and Decision","Theory and Decision. An International Journal for Multidisciplinary Advances in Decision Science","","Springer, New York.","0040-5833","N","N","N"
"Theory Appl. Categ.","Theory and Applications of Categories","","Theory Appl. Categ., Sackville, NB.","","N","Y","N"
"Theory Appl. Comput.","Theory and Applications of Computability","","Springer, Heidelberg.","2190-619X","N","N","Y"
"Theory Appl. Graphs","Theory and Applications of Graphs","","Theory Appl. Graphs, Statesboro, GA.","","N","N","N"
"Theory Comput.","Theory of Computing. An Open Access Journal","","Univ. Chicago, Chicago, IL.","","N","Y","N"
"Theory Comput. Syst.","Theory of Computing Systems","","Springer, New York.","1432-4350","N","Y","N"
"Theory Decis. Libr. C, Game Theory Soc. Choice Decis. Theory Optim.","Theory and Decision Library C. Game Theory, Social Choice, Decision Theory, and Optimization","","Springer, Heidelberg.","0924-6126","N","N","Y"
"Theory Pract. Log. Program.","Theory and Practice of Logic Programming","","Cambridge Univ. Press, Cambridge.","1471-0684","N","Y","N"
"Theory Probab. Appl.","Theory of Probability and its Applications","","SIAM, Philadelphia, PA.","0040-585X","N","N","N"
"Theory Probab. Math. Statist.","Theory of Probability and Mathematical Statistics","","Amer. Math. Soc., Providence, RI.","0094-9000","N","N","N"
"Theory Stoch. Process.","Theory of Stochastic Processes","","TBiMC Sci. Publ., Kiev.","0321-3900","N","Y","N"
"Theta Ser. Adv. Math.","Theta Series in Advanced Mathematics","","Theta, Bucharest.","","N","N","Y"
"Tohoku Math. J. (2)","The Tohoku Mathematical Journal. Second Series","","Tohoku Univ., Sendai.","0040-8735","N","Y","N"
"Tokyo J. Math.","Tokyo Journal of Mathematics","","Tokyo J. Math., Publ. Comm., Tokyo.","0387-3870","N","Y","N"
"TOP","TOP. Transactions in Operations Research","","Springer, Heidelberg.","1134-5764","N","N","N"
"Top. Adv. Geoinformatics","Topics in Advanced Geoinformatics","","World Sci. Publ., Hackensack, NJ.","3041-0789","Y","N","Y"
"Topoi","Topoi. An International Review of Philosophy","","Springer, Dordrecht.","0167-7411","N","N","N"
"Topol. Methods Nonlinear Anal.","Topological Methods in Nonlinear Analysis","","Juliusz Schauder Cent. Nonlinear Stud., Torun.","1230-3429","N","Y","N"
"Topology Appl.","Topology and its Applications","","Elsevier Sci. B. V., Amsterdam.","0166-8641","N","Y","N"
"Topology Proc.","Topology Proceedings","","Topol. Proc., Auburn, AL.","0146-4124","N","Y","N"
"Toyama Math. J.","Toyama Mathematical Journal","","Toyama Univ., Toyama.","1880-6015","N","Y","N"
"Tradematic","Tradematic. Metodologie Matematiche e Tecnologie Informatiche per la Finanza","Tradematic. Mathematical Methods and Computer Technologies for Finance","Aracne, Rome.","","N","N","Y"
"Trans. Amer. Math. Soc.","Transactions of the American Mathematical Society","","Amer. Math. Soc., Providence, RI.","0002-9947","N","Y","N"
"Trans. Amer. Math. Soc. Ser. B","Transactions of the American Mathematical Society. Series B","","Amer. Math. Soc., Providence, RI.","","N","Y","N"
"Trans. A. Razmadze Math. Inst.","Transactions of A. Razmadze Mathematical Institute","","I. Javakhishvili Tbilisi State Univ., A. Razmadze Math. Inst., Tbilisi.","2346-8092","N","Y","N"
"Trans. Comb.","Transactions on Combinatorics","","Univ. Isfahan, Isfahan.","2251-8657","N","Y","N"
"Transform. Groups","Transformation Groups","","Birkhauser Boston, Cambridge, MA.","1083-4362","N","Y","N"
"Trans. London Math. Soc.","Transactions of the London Mathematical Society","","London Math. Soc., London.","","N","Y","N"
"Transl. Syst. Sci.","Translational Systems Sciences","","Springer, Singapore.","2197-8832","N","N","Y"
"Trans. Math. Appl.","Transactions of Mathematics and its Applications. A Journal of the IMA","","Oxford Univ. Press, Oxford.","","N","N","N"
"Trans. Moscow Math. Soc.","Transactions of the Moscow Mathematical Society","","Amer. Math. Soc., Providence, RI.","0077-1554","N","N","N"
"Trans. Natl. Acad. Sci. Azerb. Ser. Phys.-Tech. Math. Sci.","Transactions of National Academy of Sciences of Azerbaijan. Series of Physical-Technical and Mathematical Sciences","","National Academy of Sciences of Azerbaijan, Institute of Mathematics and Mechanics, Baku.","2306-2193","N","N","N"
"Trends Abstr. Appl. Anal.","Trends in Abstract and Applied Analysis","","World Sci. Publ., Hackensack, NJ.","","N","N","Y"
"Trends Comput. Appl. Math.","Trends in Computational and Applied Mathematics","","Soc. Brasil. Mat. Apl. Comput., Sao Carlos.","","N","N","N"
"Trends Hist. Sci.","Trends in the History of Science","","Birkhauser/Springer, Cham.","2297-2951","N","N","Y"
"Trends Log. Stud. Log. Libr.","Trends in Logic---Studia Logica Library","","Springer, Cham.","1572-6126","N","N","Y"
"Trends Math.","Trends in Mathematics","","Birkhauser/Springer, Cham.","2297-0215","N","N","Y"
"Trends Math. Res. Perspect.","Trends in Mathematics. Research Perspectives","","Birkhauser/Springer, Cham.","","N","N","Y"
"Trends Math. Res. Perspect. CRM Barc.","Trends in Mathematics. Research Perspectives CRM Barcelona","","Birkhauser/Springer, Cham.","2509-7407","N","N","Y"
"Tributes","Tributes","","Coll. Publ., London.","","N","N","Y"
"Tr. Inst. Mat.","Trudy Instituta Matematiki","","Natl. Akad. Nauk Belarusi, Inst. Mat., Minsk.","1812-5093","N","N","N"
"Tr. Inst. Mat. Mekh.","Trudy Instituta Matematiki i Mekhaniki","","Ross. Akad. Nauk Ural. Otdel., Inst. Mat. Mekh., Ekaterinburg.","0134-4889","N","N","N"
"Tr. Mat. Inst. Steklova","Trudy Matematicheskogo Instituta Imeni V. A. Steklova","","Ross. Akad. Nauk, Inst. Mat. im. Steklova (MIAN), Moscow.","0371-9685","N","Y","N"
"Tsukuba J. Math.","Tsukuba Journal of Mathematics","","Univ. Tsukuba, Ibaraki.","0387-4982","N","Y","N"
"Tunis. J. Math.","Tunisian Journal of Mathematics","","Math. Sci. Publ., Berkeley, CA.","2576-7658","N","Y","N"
"Turkish J. Math.","Turkish Journal of Mathematics","","Sci. Tech. Res. Council Turkey, Ankara.","1300-0098","N","Y","N"
"Tutor. Sch. Workshops Math. Sci.","Tutorials, Schools, and Workshops in the Mathematical Sciences","","Springer, Cham.","2522-0969","N","N","Y"
"TWMS J. Pure Appl. Math.","TWMS Journal of Pure and Applied Mathematics","","Turkic World Math. Soc., Baku.","2076-2585","N","N","N"
"Uch. Zap. Kazan. Univ. Ser. Fiz.-Mat. Nauki","Uchenye Zapiski Kazanskogo Universiteta. Seriya Fiziko-Matematicheskie Nauki","","Kazan. Fed. Univ., Kazan.","2541-7746","N","N","N"
"Ufa Math. J.","Ufa Mathematical Journal","","Russ. Acad. Sci. Inst. Math. Comput. Cent., Ufa.","","N","Y","N"
"Ukrainian Math. J.","Ukrainian Mathematical Journal","","Springer, New York.","0041-5995","N","Y","N"
"Ukrain. Mat. Zh.","Natsionalna Akademiya Nauk Ukraini. Institut Matematiki. Ukrainskii Matematichnii Zhurnal","","Natsional. Akad. Nauk Ukraini, Inst. Mat., Kiev.","1027-3190","N","Y","N"
"Ukr. Mat. Visn.","Ukrainskii Matematichnii Visnik","","Nats. Akad. Nauk Ukr., Inst. Prikl. Mat. Mekh., Donetsk.","1810-3200","N","Y","N"
"Uncertain. Comput. Tech. Decis. Intell.","Uncertainty, Computational Techniques, and Decision Intelligence","","Elsevier/Academic Press, London.","","N","N","Y"
"Uncertain. Oper. Res.","Uncertainty and Operations Research","","Springer, Heidelberg.","2195-996X","N","N","Y"
"Undergrad. Lect. Notes Phys.","Undergraduate Lecture Notes in Physics","","Springer, Cham.","2192-4805","N","N","Y"
"Undergrad. Texts Math.","Undergraduate Texts in Mathematics","","Springer, Cham.","0172-6056","N","N","Y"
"Undergrad. Texts Math. Read. Math.","Undergraduate Texts in Mathematics. Readings in Mathematics","","Springer, Heidelberg.","","N","N","Y"
"Undergrad. Top. Comput. Sci.","Undergraduate Topics in Computer Science","","Springer, London.","2197-1781","N","N","Y"
"Underst. Complex Syst.","Understanding Complex Systems","","Springer, Cham.","1860-0840","N","N","Y"
"Unif. Distrib. Theory","Uniform Distribution Theory","","","1336-913X","N","Y","N"
"Unitext","Unitext","","Springer, Milan.","2038-5714","N","N","Y"
"Unitext Phys.","Unitext for Physics","","Springer, Cham.","2198-7890","N","N","Y"
"Universitext","Universitext","","Springer, Cham.","2191-6675","N","N","Y"
"Univ. Lecture Ser.","University Lecture Series","","Amer. Math. Soc., Providence, RI.","1047-3998","N","N","Y"
"Univ. Texts Math. Sci.","University Texts in the Mathematical Sciences","","Springer, Singapore.","2731-9318","N","N","Y"
"Unsupervised and Semi-Supervised Learn.","Unsupervised and Semi-Supervised Learning","","Springer, Cham.","2522-8498","N","N","Y"
"Ural Math. J.","Ural Mathematical Journal","","Russ. Acad. Sci. Ural Branch, Krasovskii Inst. Math. Mech., Ekaterinburg.","","N","N","N"
"Urban Book Ser.","The Urban Book Series","","Springer, Cham.","2365-757X","Y","N","Y"
"Uspekhi Mat. Nauk","Uspekhi Matematicheskikh Nauk","","Ross. Akad. Nauk, Inst. Mat. im. Steklova (MIAN), Moscow.","0042-1316","N","Y","N"
"Util. Math.","Utilitas Mathematica","","Comb. Press, Winnipeg, MB.","0315-3681","N","Y","N"
"UTokyo Eng. Course/Basic Math.","UTokyo Engineering Course/Basic Mathematics","","World Sci. Publishing, Singapore.","","N","N","Y"
"Uzbek Math. J.","Uzbek Mathematical Journal","","Uzbek. Acad. Sci., V. I. Romanovskiy Inst. Math., Tashkent.","2010-7269","N","Y","N"
"Vestnik Moskov. Univ. Ser. III Fiz. Astronom.","Vestnik Moskovskogo Universiteta. Seriya III. Fizika, Astronomiya","","Izdat. Moskov. Univ., Moscow.","0579-9392","N","N","N"
"Vestnik Moskov. Univ. Ser. I Mat. Mekh.","Vestnik Moskovskogo Universiteta. Seriya I. Matematika, Mekhanika","","Izdat. Moskov. Univ., Moscow.","0579-9368","N","N","N"
"Vestnik Moskov. Univ. Ser. XV Vychisl. Mat. Kibernet.","Vestnik Moskovskogo Universiteta. Seriya XV. Vychislitelnaya Matematika i Kibernetika","","Izdat. Moskov. Univ., Moscow.","0137-0782","N","N","N"
"Vestnik St. Petersburg Univ. Math.","Vestnik St. Petersburg University. Mathematics","","Pleiades Publishing, Ltd., New York.","1063-4541","N","N","N"
"Vestn. KRAUNTS. Fiz.-Mat. Nauki","Vestnik KRAUNTS. Fiziko-Matematicheskie Nauki","","Ross. Akad. Nauk, Dalnevost. Otdel., Inst. Kosmofiz. Issled. Rasprostr. Radiovoln, Petropavlovsk-Kamchatskii.","2079-6641","N","N","N"
"Vestn. Samar. Univ. Estestvennonauchn. Ser.","Vestnik Samarskogo Universiteta. Estestvennonauchnaya Seriya","","Samarskii Univ., Samara.","2541-7525","N","N","N"
"Vestn. St.-Peterbg. Univ. Mat. Mekh. Astron.","Vestnik Sankt-Peterburgskogo Universiteta. Matematika. Mekhanika. Astronomiya","","Izd. St.-Peterbg. Univ., St. Petersburg.","1025-3106","N","N","N"
"Vestn. St.-Peterbg. Univ. Prikl. Mat. Inform. Protsessy Upr.","Vestnik Sankt-Peterburgskogo Universiteta. Prikladnaya Matematika. Informatika. Protsessy Upravleniya","","Izd. St.-Peterbg. Univ., St. Petersburg.","1811-9905","N","N","N"
"Vestn. Tomsk. Gos. Univ. Mat. Mech.","Vestnik Tomskogo Gosudarstvennogo Universiteta. Matematika i Mechanika","","Tomsk. Gos. Univ., Tomsk.","1998-8621","N","N","N"
"Vestn. Udmurt. Univ. Mat. Mekh. Kompyut. Nauki","Vestnik Udmurtskogo Universiteta. Matematika. Mekhanika. Kompyuternye Nauki","","Udmurt. Gos. Univ., Izhevsk.","1994-9197","N","N","N"
"Vestn. Voronezh. Gos. Univ. Ser. Fiz., Mat.","Vestnik Voronezhskogo Gosudarstvennogo Universiteta. Seriya Fizika, Matematika","","Voronezh. Gos. Univ., Fak. Mat., Voronezh.","","N","N","N"
"Vestsi Nats. Akad. Navuk Belarusi Ser. Fiz.-Mat. Navuk","Vestsi Natsyyanalnai Akademii Navuk Belarusi. Seryya Fizika-Matematychnykh Navuk. Izvestiya Natsionalnoi Akademii Nauk Belarusi. Seriya Fiziko-Matematicheskikh Nauk. Proceedings of the National Academy of Sciences of Belarus. Physics and Mathematics Series","","Vyd. ``Belaruskaya Navuka'', Minsk.","1561-2430","N","N","N"
"Vienna Circ. Inst. Libr.","Vienna Circle Institute Library","","Kluwer Acad. Publ., Dordrecht.","1571-3083","N","N","Y"
"Vienna Circ. Inst. Yearb.","Vienna Circle Institute Yearbook","","Springer, Cham.","0929-6328","N","N","Y"
"Vietnam J. Math.","Vietnam Journal of Mathematics","","Springer Singapore, Singapore.","2305-221X","N","Y","N"
"Virtual Ser. Symplectic Geom.","Virtual Series on Symplectic Geometry","","Birkhauser/Springer, Cham.","","Y","N","Y"
"Visn. Kii. Nats. Univ. im Tarasa Shevchenka. Fis.-Mat. Nauk.","Visnik. Kikogo Natsionalnogo Universitetu imeni Tarasa Shevchenka. Fisiko-Matematichni Nauki. Bulletin of Taras Shevchenko National University of Kyiv. Physical and Mathematical Sciences","","","1812-5409","Y","N","N"
"Vita Math.","Vita Mathematica","","Birkhauser/Springer, Cham.","","N","N","Y"
"Vladikavkaz. Mat. Zh.","Vladikavkazskii Matematicheskii Zhurnal","","Ross. Akad. Nauk, Vladikavkaz. Nauchn. Tsentr, Yuzhn. Mat. Inst., Vladikavkaz.","1683-3414","N","Y","N"
"Vom Zahlstein zum Comput.","Vom Zahlstein zum Computer","From Counting Pebbles to the Computer","Springer, Heidelberg.","","N","N","Y"
"Warburg Inst. Stud. Texts","Warburg Institute Studies and Texts","","Warburg Inst., London.","","N","N","Y"
"Water Waves","Water Waves. An Interdisciplinary Journal","","Birkhauser Verlag, Basel.","2523-367X","N","N","N"
"Wave Motion","Wave Motion. An International Journal Reporting Research on Wave Phenomena","","Elsevier, Amsterdam.","0165-2125","N","N","N"
"Werkprofile","Werkprofile","","De Gruyter, Berlin.","2199-4811","N","N","Y"
"Why Sci. Anc. World Matter","Why the Sciences of the Ancient World Matter","","Springer, Cham.","","N","N","Y"
"Wiad. Mat.","Wiadomosci Matematyczne","","Polsk. Tow. Mat., Warsaw.","2080-5519","N","N","N"
"Wiley Interdiscip. Rev. Comput. Stat.","Wiley Interdisciplinary Reviews. Computational Statistics (WIREs)","","Wiley, Hoboken, NJ.","1939-5108","N","N","N"
"Wiley Ser. Oper. Res. Manag. Sci.","Wiley Series in Operations Research and Management Science","","Wiley, Hoboken, NJ.","","N","N","Y"
"Winter Braids Lect. Notes","Winter Braids Lecture Notes","","Cellule MathDoc, Saint-Martin-d'Heres.","","N","N","N"
"Wirel. Netw.","Wireless Networks","","Springer, Cham.","2366-1186","N","N","Y"
"WIT Trans. Eng. Sci.","WIT Transactions on Engineering Sciences","","WIT Press, Southampton.","1746-4471","N","N","Y"
"Women Hist. Philos. Sci.","Women in the History of Philosophy and Sciences","","Springer, Cham.","2523-8760","N","N","Y"
"Woodhead Publ. Ser. Compos. Sci. Eng.","Woodhead Publishing Series in Composites Science and Engineering","","Elsevier/Woodhead Publ., Amsterdam.","","Y","N","Y"
"World Sci. Lect. Notes Finance","World Scientific Lecture Notes in Finance","","World Sci. Publ., Hackensack, NJ.","2424-9939","N","N","Y"
"World Sci. Lecture Notes Phys.","World Scientific Lecture Notes in Physics","","World Sci. Publ., Hackensack, NJ.","1793-1436","N","N","Y"
"World Sci. Ser. Finance","World Scientific Series in Finance","","World Sci. Publ., Hackensack, NJ.","2010-1082","N","N","Y"
"World Sci. Ser. Nonlinear Sci. Ser. B Spec. Theme Issues Proc.","World Scientific Series on Nonlinear Science. Series B: Special Theme Issues and Proceedings","","World Sci. Publ., Hackensack, NJ.","","N","N","Y"
"World Sci. Ser. Probab. Theory Appl.","World Scientific Series on Probability Theory and Its Applications","","World Sci. Publ., Hackensack, NJ.","","N","N","Y"
"World. Sci. Ser. Quantum Algorithms Inf. Learn.","World Scientific Series on Quantum Algorithms, Information, and Learning","","World Sci. Publ., Hackensack, NJ.","","Y","N","Y"
"Wuhan Daxue Xuebao Lixue Ban","","","","","Y","N","N"
"Xiamen Daxue Xuebao Ziran Kexue Ban","Xiamen Daxue Xuebao. Ziran Kexue Ban. Journal of Xiamen University. Natural Science","","J. Xiamen Univ., Editor. Dept., Xiamen.","0438-0479","N","N","N"
"Yingyong Gailu Tongji","","","","","Y","N","N"
"Yingyong Shuxue Xuebao","","","","","Y","N","N"
"Yokohama Math. J.","Yokohama Mathematical Journal","","Yokohama Nat. Univ., Yokohama.","0044-0523","N","Y","N"
"Yugosl. J. Oper. Res.","Yugoslav Journal of Operations Research. An International Journal dealing with Theoretical and Computational Aspects of Operations Research, Systems Science, and Management Science","","Univ. Belgrade, Belgrade.","0354-0243","N","N","N"
"Yunchouxue Xuebao","","","","","Y","N","N"
"ZAMM Z. Angew. Math. Mech.","ZAMM. Zeitschrift fur Angewandte Mathematik und Mechanik. Journal of Applied Mathematics and Mechanics","","Wiley-VCH Verlag, Berlin.","0044-2267","N","N","N"
"Z. Anal. Anwend.","Zeitschrift fur Analysis und ihre Anwendungen. Journal of Analysis and its Applications","","EMS Press, Berlin.","0232-2064","N","Y","N"
"Z. Angew. Math. Phys.","Zeitschrift fur Angewandte Mathematik und Physik. ZAMP. Journal of Applied Mathematics and Physics. Journal de Mathematiques et de Physique Appliquees","","Birkhauser Verlag, Basel.","0044-2275","N","N","N"
"Zap. Nauchn. Sem. S.-Peterburg. Otdel. Mat. Inst. Steklov. (POMI)","Rossiiskaya Akademiya Nauk. Sankt-Peterburgskoe Otdelenie. Matematicheskii Institut im. V. A. Steklova. Zapiski Nauchnykh Seminarov (POMI)","","``Nauka'' S.-Peterburg. Otdel., St. Petersburg.","0373-2703","N","Y","N"
"Zb. Pr. Inst. Mat. NAN Ukr.","Zbirnik Prats Institutu Matematiki NAN Ukraini","Proceedings of the Institute of Mathematics, NAS Ukraine","Natsional. Akad. Nauk Ukraini, Inst. Mat., Kiev.","","N","N","Y"
"Zb. Rad. (Beogr.)","Zbornik Radova. (Beograd)","","Mat. Inst. SANU, Belgrade.","0351-9406","N","N","N"
"Zh. Beloruss. Gos. Univ. Mat. Inform.","Zhurnal Belorusskogo Gosudarstvennogo Universiteta. Matematika. Informatika","","Belorus. Gos. Univ., Minsk.","2520-6508","N","N","N"
"Zhengzhou Daxue Xuebao Ziran Kexue Ban","","","","","Y","N","N"
"Zh. Sib. Fed. Univ. Mat. Fiz.","Zhurnal Sibirskogo Federalnogo Universiteta. Matematika i Fizika","","Izdat. Sib. Fed. Univ., Krasnoyarsk.","1997-1397","N","N","N"
"Zh. Vychisl. Mat. Mat. Fiz.","Zhurnal Vychislitelnoi Matematiki i Matematicheskoi Fiziki. Rossiiskaya Akademiya Nauk","","``Nauka'', Moscow.","0044-4669","N","N","N"
"Zur. Lect. Adv. Math.","Zurich Lectures in Advanced Mathematics","","Eur. Math. Soc., Zurich.","","N","N","Y"
